Merchant Transaction Free Text,Merchant Name
LANDMARK HOTEL - RIQQA DUBAI         AE,LANDMARK HOTEL - RIQQA
COSTA COFFEE           DUBAI         AE,COSTA BR OF MMI 2
SALAM STUDIO & STORES  DUBAI         AE,SALAM STUDIO&STORES
SKELMORE HOSPITALITY-M DUBAI         AE,SKELMORE HOSPITALITY-MELC
ZORION TRADING         DUBAI         AE,ZORION TRADING  -257201
BUSINESS SYSTEMS HOUSE FZ LLC,
ZHONE TECHNOLOGIES INTERNATIONAL INC,
DIAL A NAIL-PALM BR    DUBAI         AE,DIAL A NAIL-PALM BR
EMIRATES    1762300635 DUBAI         AE,EMIRATES
METLIFE UAE,
ADIDAS EMERGING MARKET DUBAI         AE,ADIDAS EMERGING -191406
JUICY AVENUE CAFE      DUBAI         AE,JUICY AVENUE CAFE
HARVEY NICHOLS (DUBAI) DUBAI         AE,HARVEY NICHOLS (DUBAI)LLC
CHOCO'A LLC            DUBAI         AE,CHOCO'A LLC
CNC DUB CORP ACTION SUS AC,
FONOGRAF CAFE & RESTAU DUBAI         AE,FONOGRAF CAFE & RESTAU
KISMAT ENERGY DMCC,
ADNIC DISBURSEMENT ACCOUNT,
APPAREL LLC            DUBAI         AE,APPAREL LLC     -390504
ADAC ABU DHABI AIRPORTS COMPANY,
AMANA CONTRACTING,
FOOD MARK LLC          DUBAI         AE,FOOD MARK LLC   -541002
OASIS AUTO PARTS LLC   DUBAI         AE,OASIS AUTO PARTS LLC
TAQADO RESTAURANT      DUBAI         ARE,TAQADO RESTAURANT
SHANGRI-LA DUBAI HOTEL DUBAI         AE,SHANG PALACE
JONES LANG LASALLE UAE LIMITED,
MAN SE,
TRANSGUARD GROU,
MAMAESH PASTRY         DUBAI         AE,MAMAESH PASTRY
M UAE EX HANGE ENTRE LL,
ARYA CLINIC            DUBAI         AE,ARYA CLINIC
MAX ELECTRONICS LLC    DUBAI         AE,MAX ELECTRONICS -051115
SHELL TREASURY CENTRE LIMITED,
ASSOCIATED FOREIGN EXCHANGE,
MADAREK LLC            DUBAI         AE,MADAREK LLC     -711949
LUCKYS PIZZA           DUBAI         ARE,LUCKYS PIZZA
LIFESTYLE BR           DUBAI         AE,LIFESTYLE BR    -154880
ALTO MAR RESTAURANT LL DUBAI         AE,ALTO MAR RESTAURANT LL
DAISO JAPAN VALUE STOR DUBAI         AE,DAISO JAPAN VALU-051227
LOUIS BERGER SAS,
SEAN CONNOLLY AT DUBAI DUBAI         AE,SEAN CONNOLLY AT DUBAI
BOSPORUS GOURMET REST. DUBAI         ARE,BOSPORUS GOURMET REST.
COMZEST TRADING FZC,
MALABAR SUPERMARKET    DUBAI         AE,MALABAR SUPERMARKET
SKI DUBAI              DUBAI         AE,SKI DUBAI 1
MCDONALDS-ENOC 1092    DUBAI         AE,MCDONALDS-ENOC 1092
TEPCO FUEL AND POWER INCORPORATE,
FRENCH DEPARTMENT STOR DUBAI         AE,GALERIES LAFAYETTE
DANUBE HOME LLC        DUBAI         AE,DANUBE HOME LLC
CHEZ CHARLES RESTAURAN DUBAI         AE,CHEZ CHARLES RESTAURAN
THE CHOCOLATE BOUTIQUE ABU DHABI     AE,THE CHOCOLATE BOUTIQUE
STARBUCKS CC 3869      DUBAI         AE,STARBUCKS CC 386-491009
HSBC,
CIE STGOBAIN AVENUE DALSACE COURBEVOIE,
BLUE MANDARINE RESTAUR DUBAI         AE,BLUE MANDARINE RESTAURANT
STEIGENBERGER HOTEL BU DUBAI         AE,STEIGENBERGER HOTEL BU
LEO BURNETT FZ LLC,
NORTHERN TRUSTTRUSTEE,
BISSAN DENTAL CENTER L DUBAI         AE,BISSAN DENTAL CENTER LLC
BB ALMARAI COMPANY,
ETIHAD ETISALAT COMPANY MOBILY OLAYA STREET KINGDOM CENTER,
MCDONALDS-54002        DUBAI         ARE,MCDONALDS-54002
REGENT PALACE HOTEL    DUBAI         AE,REGENT PALACE HOTEL
MOSCOW HOTEL           DUBAI         AE,MOSCOW HOTEL
VIDA DOWNTOWN DUBAI HO DUBAI         AE,VIDA DOWNTOWN DUBAI HOTEL
EPIC MIDDLE EAST FZ LLC,
BURBERRY MIDDLE EAST LLC,
EMARAT-AL AMEEN(6635)  DUBAI         AE,EMARAT-AL AMEEN - 6635
FOUR POINTS BY SHERATO DUBAI         AE,FOUR POINTS BY SHERATO
GRAND STORES SAMSONITE DUBAI         AE,GRAND STORES SAMSONITE
TREASURY HOLDING COMPANY,
SNOOKER WORLD          DUBAI         AE,SNOOKER WORLD
SAROJA RESTAURANT & CA DUBAI         AE,SAROJA RESTAURANT & CAFE
RICHEMONT DUBAI FZE,
ALLIED ENTERPRISES LLC DUBAI         AE,ALLIED ENTERPRIS-762403
ROSSOVIVO ARTISAN PIZZ DUBAI         AE,CULINARIA
ANGELINA RESTARANT LLC DUBAI         AE,ANGELINA RESTARANT LLC
CREATIVE MINDS GENERAL DUBAI         AE,CREATIVE MINDS GEN TRD
EVERSENDAI OFFSHORE RMC FZE,
ONE SHARE PLC,
TMF SERVICES,
GRANDEUR HOTEL         DUBAI         AE,GRANDEUR HOTEL
SUDANESE MOBILE TELEPHONE COMPANY LIMITED,
WATER GRILL FACILITIES DUBAI         ARE,WATER GRILL FACILITIES
F.G.E THE WAREHOUSE    DUBAI         AE,FALAKNAZ-THE WAREHOUSE
SPINNEYS DUBAI LLC     DUBAI         AE,SPINNEYS DUBAI LLC 28
FOUR POINTS BY SHERATO DUBAI         AE,LEVEL 43 - FOUR POINTS
FRESH WELL SUPERMARKET DUBAI         ARE,FRESH WELL SUPERMARKET
E I T TELECOM -DU      DUBAI         AE,E I T TELECOM -D-136562
GULF COAL TRADING LLC,
NTDE-SMOKERS CENTER    DUBAI         AE,NTDE-SMOKERS CEN-264101
PICCOLO MONDO BAY REST DUBAI         AE,PICCOLO MONDO BAY REST.
TARGET ENGINEERING CONSTRUCTION RU COMPANY LLC,
BEIN SPORTS,
TOKO RESTAURANT LLC    DUBAI         AE,TOKO RESTAURANT LLC
CANADIAN UNIVERSITY OF DUBAI         AE,CANADIAN UNIVERSITY OF
MANCHESTER TYRE TRDG L DUBAI         AE,MANCHESTER TYRE -724501
SPEED WAY AUTO SPARE P DUBAI         AE,SPEED WAY AUTO S-474609
GOVINDAS RESTAURANT    DUBAI         AE,GOVINDAS RESTAURANT
ETISALAT-DXB-AL WASL 1 DUBAI         ARE,ETISALAT-DXB-AL WASL 1
GRAND AL KAUSAR PHARMA DUBAI         AE,GRAND AL KAUSAR PHARMA
BAY SQUARE HOTEL LLC   DUBAI         AE,BAY SQUARE HOTEL-225819
IBIS DEIRA CITY CENTRE DUBAI         AE,IBIS DEIRA CITY CENTRE
UASC UNITED ARAB SHIPPING COMPANY SAG AIRPORT ROAD SAFAT KUWAIT,
SUPREME CHI ENERGY SPA DUBAI         AE,SUPREME CHI ENERGY SPA
AL JAZEERA FURNIURE    ABU DHABI     AE,AL JAZEERA FURNITURE
RITZ RENT A CAR LLC    DUBAI         AE,RITZ RENT A CAR LLC
HEALTH BAY POLYCLINIC  DUBAI         ARE,HEALTH BAY POLYCLINIC
KINOKUNIYA BOOK STORES SINGAPORED X OFFICE NO SF ND FLOORTHE,
THE LOFT FIFTH AVENUE  DUBAI         AE,THE LOFT FIFTH AVENUE BTY
LE MERIDIEN MINA SEYAH DUBAI         AE,LE MERIDIAN MINA SEYAH
WORLD WIDE EMIRATES SERVICES,
GOVT OF SHARJAH CUSTOM DUTY ACCOUN T UAE UAE COMPANY SIB MAIN BR HOLD M SHARJAH AE,
EMIRATES GROUP EMIRATES UNITED STATES DELMONICA PLAZA E TH,
KIDZANIA               DUBAI         AE,KIDZANIA
ONE & ONLY ROYAL MIRAG DUBAI         AE,RESERVATION-RMH
AL JASMI MOBILE PHONES DUBAI         AE,AL JASMI MOBILE PHONES
GIRODANO FASHIONS LLC  ABU DHABI     AE,GIORDANO FASHIONS LLC
NINEVEH RENT A CAR LLC DUBAI         AE,NINEVEH RENT A CAR LLC
APPETITE THE SHOP      DUBAI         AE,APPETITE THE SHOP
FGT INDUSTRIES FZE,
MASDAR OFFSHORE WIND UK LIMITED,
MCDONALDS- AL WARQAA   DUBAI         AE,MCDONALDS- AL WARQAA
MAHELE LIMITED,
YAH ADVANCED SATELLITE,
EUROCONTROL,
THE NAIL SPA           DUBAI         AE,THE NAIL SPA    -782803
MCDONALDS-AL GHURAIR C DUBAI         AE,MCDONALDS-AL GHURAIR CITY
THE LIME TREE CAFE LLC DUBAI         AE,THE LIME TREE CA-241510
MAB FACILITIES MANAGEMENT LLC,
BURJ AL ARAB           DUBAI         AE,SCAPE REST 1
JASMINE FOOD COURT     DUBAI         AE,JASMINE FOOD COURT
BOEING COMMERCIAL AIRPLANES,
WUERTH FINANCE INTER,
ARMAN CAFE             DUBAI         AE,ARMAN CAFE
LMC CONCENTRATION,
CHINA VALLEY RESTAURAN DUBAI         AE,CHINA VALLEY RESTAURANT
CARIBOU COFEE          DUBAI         AE,CARIBOU COFEE   -241080
SHAKESPEARE & CO.      DUBAI         AE,SHAKESPEAR & CO
MAX ELECTRONICS LLC    DUBAI         AE,MAX ELECTRONICS -043621
LIBERTY RENT A CAR     ABU DHABI     AE,LIBERTY AUTOMOBILES CO
MIRAQE GENERAL TRADING DUBAI         AE,MIRAQE GENERAL T-059805
WTC RESIDENTIAL RENT AC,
LE MERIDIEN DUBAI      DUBAI         AE,SEWAR
SRILANKAN AIRLINES LIMITED,
CIRCLE RESTAURANT LLC  DUBAI         AE,CIRCLE RESTAURANT LLC
ZERO GRAVITY RESTAURAN DUBAI         AE,ZERO GRAVITY RESTAURAN
LA MARQUISE DIAMONDS & DUBAI         AE,LA MARQUISE DIAMONDS &
ALMAJLIS PHARMACY LLC  DUBAI         AE,ALMAJLIS PHARMACY LLC
BURJEEL PHARMACY LLC B ABU DHABI     AE,BURJEEL PHARMACY LLC B
NORTH TOURS LLC        DUBAI         AE,NORTH TOURS
ORANGE SA,
APPLE CREEK CAF  & RES DUBAI         AE,APPLE CREEK CAFï؟½-171145
EPPCO SITE 2           DUBAI         AE,EPPCO-SITE NO.2
DR ISMAIL NEW POLYCLIN DUBAI         ARE,DR ISMAIL NEW POLYCLIN
WILSHIRE SUPERMARKET L DUBAI         AE,WILSHIRE SUPERMA-889101
MARUTI ENERGY DMCC,
SWATCH SAHARA CENTRE 2 DUBAI         AE,SWATCH 1
SHOEMART               DUBAI         AE,SHOEMART        -760532
KZ,
DUBAI HERBAL & TREATME DUBAI         AE,DUBAI HERBAL & TREATMENT
CARIBOU COFFEE         DUBAI         AE,CARIBOU COFFEE  -151003
TOTAL TREASURY S A S U,
THE EMIRATES GENERAL,
RESTOFAIR RAK LLC      DUBAI         AE,RESTOFAIR RAK LLC
AL SAYER RETAIL ESTABL DUBAI         AE,AL SAYER RETAIL -131746
DUBAI POLO & EQUESTRIA DUBAI         ARE,DUBAI POLO & EQUESTRIA
TRANSAGRI DMCC,
MANILA PHONES LLC      DUBAI         AE,MANILA PHONES LLC
"ATLANTIS THE PALM,DUBA DUBAI         AE",ASIA REPUBLIC-ATLANTIS
GOVERNMENT OF RAS ALKHAIMAH AC,
MIELE CIE KG,
GOOGLE PAYMENT CORP,
AL SAYER RETAIL EST-CA DUBAI         AE,AL SAYER RETAIL -761082
MAHMAYI OFFICE FURNITU DUBAI         AE,MAHMAYI OFFICE FURNITU
PARAMOUNT LOGISTICS CORPORATION LIMITED,
SHARJAH ELECTRICITY AND WATER,
"ATLANTIS THE PALM,DUBA DUBAI         AE",ATLANTIS THE PALM LIMI
MIX MARTIAL ARTS FITNE DUBAI         AE,MIX MARTIAL ARTS FITNE
VAN OORD RMC FZE,
AWS ONLINE ACCOUNT,
IRAN PHARMACY          DUBAI         AE,IRAN PHARMACY
ABU DHABI PORTS OPERATING COMPANY,
AXIOM BAWABT AL SHARQ  DUBAI         AE,AXIOM TELECOM
SPINNEYS DUBAI LLC     DUBAI         AE,SPINNEYS RESIDENCE EMA
NANDOS UAE LLC         DUBAI         AE,NANDO'S U.A.E LLC
PAK ARAB REFINERY LIMITED,
BARAKAT VEGETABLES AND FRUITS COMPANY LLC,
GEMS WINCHESTER SCHOOL DUBAI         AE,GEMS WINCHESTER SCHOOL
WALDORF ASTORIA HOTEL  DUBAI         AE,WALDORF ASTORIA -241145
ROYAL MIRAGE HOTEL,
MICROTOP TRADING FZE,
VIVALTO SANTE HOLDING,
PPM CONRAD HOTEL DUBAI DUBAI         AE,PPM CONRAD HOTEL DUBAI
LEMON GRASS THAI RESTR DUBAI         AE,LEMON GRASS THAI-221096
AXIOM TELECOM          DUBAI         AE,AXIOM TELECOM   -356515
ADCO DOLLAR ACCOUNT,
ASTER GRAND PHARMACY L DUBAI         AE,ASTER GRAND PAHRMACY
AL MAYA APPAREL LLC    DUBAI         AE,AL MAYA APPAREL -059007
PERI LLC,
STEFANO RICCI          ABU DHABI     AE,STEFANO RICCI
EXECUTIVE COUNCIL,
THE RITZCARLTON ABU DHABI GRAND,
HYATT HOTELS-HYATT REG DUBAI         AE,AL DAWAAR 2
I STYLE COMPUTERS LLC- DUBAI         AE,I STYLE COMPUTERS 3
REEM AL BAWADI REST-BR DUBAI         ARE,REEM AL BAWADI REST-BR
NAD AL-SHIBA VETERINAR DUBAI         AE,NAD AL-SHIBA VETERINAR
THE BUTCHER SHOP & GRI DUBAI         AE,THE BUTCHER SHOP & GRI
AL HALLAB RESTAURANT & DUBAI         AE,AL HALLAB REST & SWEET
SUPERCARE GARDENS PHAR DUBAI         AE,SUPERCARE GARDEN PHARM
LIFESTYLE LLC          DUBAI         AE,LIFESTYLE LLC   -470304
BDT CAPITAL,
LOCKTON MENA LIMITED,
MONJASA DMCC,
ALCON PRIVATE BANK A,
QATAR PETROLEUM,
NOBLE CLEAN FUELS LIMITED,
DR.EHAB RASHED DENTAL  DUBAI         AE,DR.EHAB RASHED DENTAL
LE MERIDIEN DUBAI      DUBAI         AE,SEAFOOD MARKET 04
THALES SOCIETE ANONYME,
BCD TRAVEL BR          DUBAI         AE,BCD TRAVEL BR
ANSAR GALLERY LLC      DUBAI         AE,ANSAR GALLERY LL-172628
ELITE PARTNERS NOVELTI DUBAI         AE,ELITE PARTNERS NOVELTI
MILANO - 3845          DUBAI         AE,MILANO - 3845   -158128
HOME CENTRE            DUBAI         AE,HOME CENTRE     -460702
TEXAS CHICKEN-SPORT CI DUBAI         AE,TEXAS CHICKEN
EMIRATES    1762311454 DUBAI         AE,EMIRATES
AABAR INVESTMENTS P J S,
QUADRANT PRIVATE EQUITY NO LLP,
ARABIAN AUTOMOBILES CO DUBAI         ARE,ARABIAN AUTOMOBILES CO
SLIN INTERNATIONAL TRADE LIMITED,
DUBAI MARINE BEACH RES DUBAI         AE,DUBAI MARINE BEACH RES
MAJELAN AUTO SPARE     DUBAI         AE,MAJELAN AUTO SPARE
BEAUTY CONNECTION SPA  DUBAI         ARE,BEAUTY CONNECTION SPA
CHELSEA GARDEN 1 HOTEL DUBAI         AE,CHELSEA TOWER 2
LE MERIDIEN MINA SEYAH DUBAI         AE,BARASTI BAR 9-LMMS
GLORIA JEANS COFFEE    DUBAI         AE,GLORIA JEANS COFFEE
MOHAMED ALI ALABBAR,
KIFKIF RESTAURANT CO.  DUBAI         AE,KIFKIF RESTAURANT CO.
HATAM RESTAURANT       DUBAI         AE,HATAM RESTAURANT
EMIRATES    PYS/02MAR2 DUBAI         AE,EMIRATES
MONTREAL ALD IBN       DUBAI         AE,MONTREAL ALD IBN-470511
LE MERIDIEN MINA SEYAH DUBAI         AE,LE MERIDIEN MINA SEYAH
FZF INVICTUS TRADING,
EMIRATES TOWERS HOTEL  DUBAI         AE,ALFIES
EMIRATES STEEL INDUSTRIES PJSC,
COMMON GROUNDS CAFE LL DUBAI         AE,COMMON GROUNDS CAFE LL
NATIONAL JEWELLERS     AL AIN        AE,NATIONAL JEWELLERS
BERSHKA                DUBAI         AE,BERSHKA
MAISON DE JOELLE BEAUT DUBAI         AE,MAISON DE JOELLE BEUTY
SAYEDAH RESTAURANTS    DUBAI         AE,SAYEDAH RESTAURANTS
PARMAR TOURISM LLC     DUBAI         AE,PARMAR TOURISM LLC
BB LEM ALMUZAINI,
PLAY REST AND LOUNGE   DUBAI         AE,PLAY REST AND LOUNGE
CARREFOUR              DUBAI         AE,CARREFOUR
PROCUREMENT COMPANY SAL OFFSHORE ABU DHABI CONSOLIDATED CONTRACTING E NGINEERING,
RICH AND FAMOUS TRADIN DUBAI         AE,RICH AND FAMOUS -568009
HELENA ELECTRONICS TRADING LLC,
KHATIB AND ALAMI,
EMIRATES    1762195564 DUBAI         AE,EMIRATES
EMIRATES    7623105161 DUBAI         AE,EMIRATES
PARKER DRILLING OVERSEAS BV,
OPERATION FALAFEL REST DUBAI         AE,OPERATION FALAFEL DELI
AAFAQ HOLDING LLC,
EMIRATES MOTOR COMPANYEMC SHOWROOM,
WILMAR SUGAR PTE,
MADINAT JUM - F&B      DUBAI         AE,AL FAYROOZ 3
GAZEBO RESTAURANT      DUBAI         AE,GAZEBO RESTAURAN-471027
GULF GREETINGS GEN TRD DUBAI         AE,GULF GREETINGS G-711502
ABU DHABI WTR ELECTRIC AUTHORITY,
BAIT AL BATTERJEE MEDICAL COMPANY DUBAI BRANCH,
SINGAPORE TELECOMMUNICATIONS LIMITED,
OLYMPIC AVIATION,
FOR HUMANITARIAN CARE SPECIAL NE EDS ZAYED HIGHER ORGANIZATION,
NESPRESSO-DUBAI MALL   DUBAI         AE,NESPRESSO-DUBAI MALL
SOCAR TRADING MIDDLE EAST DMCC,
COSTA - THE RETREAT    DUBAI         AE,COSTA COFFEE
DUBAI PARKS AND RESORTS PJSC,
ARABIAN PARK HOTEL     DUBAI         AE,ARABIAN PARK HTL
PAPPAROTI CAFE         DUBAI         AE,PAPPAROTI CAFE  -227202
DEIRA LINE ELECTRONICS DUBAI         ARE,DEIRA LINE ELECTRONICS
NANDOS UAE LLC         DUBAI         AE,NANDOS UAE LLC  -895803
HOME CENTRE GULF LLC   DUBAI         AE,HOME CENTRE GULF-053337
INTERNAL REVENUE,
MAESTRO TRADING        DUBAI         ARE,MAESTRO TRADING
JOHNSON CONTROLS,
SHIMADZU CORPORATION,
HOLIDAY INN EXPRESS    DUBAI         AE,HOLIDAY INN EXPRESS RE
BIN SERAY PHARMACY     DUBAI         AE,BIN SERAY PHARMACY
DUDGEON OFFSHORE WIND LIMITED,
EMIRATES    1762198921 DUBAI         AE,EMIRATES
ABU DHABI JUDICIAL DEPARTMENT,
RAND PHARMACY          DUBAI         AE,RAND PHARMACY   -224414
MOEVENPICK HOTELS      DUBAI         AE,MOVNPICK HOTEL
UNIVERSAL LUBRICANTS FZE,
C CARD FZ LLC,
THE DRAFT HOUSE        DUBAI         AE,EMIRATES LEISURE RETAI
KFC BAWABIT AL SHARQ   DUBAI         AE,KFC BAWABIT AL S-055815
UNION MEDICAL CENTRE   DUBAI         AE,UNION MEDICAL CENTRE (
MCDONALDS-ENOC 6001 AL DUBAI         AE,MCDONALDS-ENOC 6001 AL TW
NEC CORPORATION,
SHELL MARKETS MIDDLE EAST LIMITED,
AL KANZ PHARMACY       DUBAI         AE,AL KANZ PHARMACY LLC
LE MERIDIEN DUBAI      DUBAI         AE,LE MERIDIEN DUBAI
EMIRATES    7EF/03NOV2 DUBAI         AE,EMIRATES
PETROFAC INTLTD SHARJAH BRANCH,
OASIS PALM TOURISM LLC DUBAI         AE,OASIS PALM TOURI-174718
LANDMARK RETAIL INVEST DUBAI         AE,LANDMARK RETAIL -072026
AL DOURI MART S/M & RO DUBAI         AE,AL DOURI MART SUPERMAR
CPC CORPORATION,
ONE & ONLY ROYAL MIRAG DUBAI         AE,THE ESPLANADE-RMH
SEHA BEMAFRAQ HOSPITAL AC,
ISG MIDDLE EAST LLC,
BIG CHEF STUDIO        DUBAI         AE,BIG CHEF STUDIO
STATE SECURITY DEPARTMENT,
THE SCENE RESTAURANT   DUBAI         AE,THE SCENE RESTAURANT
ENGINE ALLIANCE LLC,
PURANMAL SWEETS        DUBAI         AE,PURANMAL SWEETS -231023
DOUBLE TREE BY HILTON  DUBAI         AE,DOUBLE TREE BY H-737602
HORIZON INVESTMENTS,
NATIONAL STORES LLC    DUBAI         AE,NATIONAL STORES LLC
ANSAR GALLERY LLC BRAN DUBAI         AE,ANSAR GALLERY LL-882602
EMIRATES    MXS/04JAN2 DUBAI         AE,EMIRATES
SOHO GRILL             DUBAI         AE,SOHO GRILL
T. CHOITHRAM & SONS    DUBAI         AE,T.CHOITHRAM & SONS 1
SAMA FAST FOOD(SUBWAY) ABU DHABI     AE,SUBWAY-1
STARBUCKS - 3754       DUBAI         AE,STARBUCKS - 3754-171055
MCGETTIGANS JLT        DUBAI         AE,MCGETTIGANS JLT
THE CENTRE OF WASTE MANAGEMENT ABU,
CGG SERVICES SA,
GS ENGINEERING AND,
JADWA INVESTMENT COMPANY RIYADH MAIN KING ABDULAZIZ ST,
TELECOM EGYPT,
MPM PROPERTIES,
THE BODY SHOP (DCC)    DUBAI         AE,THE BODY SHOP (DCC)
COURTYARD BY MARRIOTT  DUBAI         AE,CUCINA-COURTYARD BY M
SPINNEYS               DUBAI         AE,SPINNEYS DUBAI LLC 27
"AL AIN EQUESTRIAN,SHOO AL AIN        AE",THE PALM SPORTS RESORT
SAIF AL GHURAIR INVSTMENT GROUP LL,
ALADINS CAVE TRADING   DUBAI         AE,ALADINS CAVE TRADING
THE JUMEIRAH BEACH HOT DUBAI         AE,PALM COURT 3
OLIVER WYMAN FZ LLC,
GULF GREETING - TOY ST DUBAI         AE,GULF GREETING - -711503
CHOWKING ORIENT RESTRN DUBAI         AE,CHOWKING ORIENT -261052
ARENCO REAL ESTATE,
EPPCO SITE 1033        DUBAI         AE,EPPCO SITE 1033
NEW WESTZONE SMKT DPT  DUBAI         AE,NEW WESTZONE SMK-172601
PPM CONRAD HOTEL DUBAI DUBAI         ARE,PPM CONRAD HOTEL DUBAI
SAPORI DI BICE RESTAUR DUBAI         AE,SAPORI DI BICE RESTAUR
AIN SPORTS,
BANCO DE INVESTIMENTOS CREDIT SUISS,
DAMAS JEWELLERY-AMM    DUBAI         AE,DAMAS JEWELLERY--081757
CHEIL MEA FZ LLC,
TAVOLA TRADING LLC     DUBAI         AE,TAVOLA TRADING LLC
GINNY'S RESTAURANT & C DUBAI         AE,GINNY'S RESTAURANT
AL WALEED PALACE HOTEL DUBAI         AE,F/OFF 3-AL WALEED PAL
MAJID AL FUTTAIM PROPERTIES LLC,
BT SOLUTIONS LIMITED,
LASIRENE GENTS SALON   DUBAI         AE,LASIRENE GENTS SALON
CEPSA INTERNATIONAL BV,
POSCO DAEWOO CORPORATION,
FUME NEIGHBOURHOOD RES DUBAI         AE,FUME NEIGHBOURHOOD RES
RAMADA HOTEL DUBAI     DUBAI         AE,RAMADA HOTEL DUBAI FO1
BAYANAT ALOULA,
CHRISTIAN DIOR COUTURE,
JUMEIRA ROTANA HOTEL-3 DUBAI         AE,JUMEIRAH ROTANA HOTEL
SWATCH                 DUBAI         AE,SWATCH
OPERATION FELAFEL REST DUBAI         AE,OPERATION FALAFEL
BHARTI AIRTEL LIMITED,
BROWN BROTHERS HARRIMAN AND COMPANY,
ABM CARE COMPUTER SVCS DUBAI         AE,ABM CARE COMPUTER SVCS
AUREOLE TRADING LLC,
FORN BEIK RESTAURANT   DUBAI         AE,FORN BEIK RESTAURANT
T CHOITHRAM N SONS     DUBAI         AE,T CHOITHRAM N SONS
AE60053AED1756800500002 RETAIL BANKING OPERATIONS ALHILAL BANK PB NO 63111 ABUDHA,
SUSHINA FOR SUSHI AND  DUBAI         AE,SUSHINA FOR SUSHI AND
ABDELWAHAB             Dubai         AE,ABDELWAHAB
EXPRESS BY HOLIDAY INN DUBAI         AE,GREAT ROOM-EXPRESS BY
SAMPAT JEWELLERS LLC   DUBAI         AE,SAMPAT JEWELLERS LLC
MARHABAN GOLD JEWELLER DUBAI         AE,MARHABAN GOLD JE-724801
CHA CHA CHAI CAFE BR   DUBAI         AE,CHA CHA CHAI CAFE BR
MEDICOM PHARMACY 2     DUBAI         AE,MEDICOM PHARMACY 2
UZB AVENUE RETAURANT   DUBAI         AE,UZB AVENUE RESTAURANT
GUEST,
ABU DHABI NATIONAL LEASING LLC,
TRAVEL HOUSE LLC       DUBAI         AE,TRAVEL HOUSE LLC-494704
EMIRATES    1762198697 DUBAI         AE,EMIRATES
JAZEERA MEDIA NETWORK,
LOCKHEED MARTIN GLOBAL INC,
JUMBO ELECTRONICS COMPANY LIMITED,
BOOKINGCOM BV,
NASSER AL FALASI GEN T DUBAI         AE,NASSER AL FALASI-035051
NATIONAL AMBULANCE LLC,
OFFICE ONE LLC         DUBAI         AE,OFFICE ONE LLC
COYA RESTAURANT LLC    DUBAI         AE,COYA RESTAURANT LLC
SHAKESPEARE & CO       DUBAI         AE,SHAKESPEARE & CO 14
SEHA BE AMBULATORY AC,
COVE BEACH             DUBAI         AE,COVE BEACH
DAMEN SHIPYARDS GORINCHEM,
M CAPIT,
AL SAYER RETAIL ESTABL DUBAI         AE,AL SAYER RETAIL -471939
QAIWAN COMPANY,
EMIRATES IDENTITY AUTHORITY,
PURE GOLD LLC          DUBAI         AE,PURE GOLD LLC
B.S SUPERMARKET LLC    DUBAI         AE,B.S SUPERMARKET LLC
ADCO DIRHAM ACCOUNT,
MIRAQ GULF COLD MCC    DUBAI         AE,MIRAQ GULF COLD -251040
JOHN SISK SON CONSTRUCTION RUCTION LLC,
MARINA PALM PHARMACY   DUBAI         AE,MARINA PALM PHARMACY
LIVE MEDIA PRODUCTION,
ATELIER M RESTAURANT & DUBAI         AE,ATELIER M RESTAURANT &
MONTREAL TRADING LLC   DUBAI         AE,MONTREAL TRADING-390505
BIKANERVALA RESTAURANT DUBAI         AE,BIKANERVALA REST-231027
NILE PETROLEUM COMPANY LIMITED,
GULF EXTRUSIONS COMPANY LLC,
APPAREL LLC            DUBAI         AE,APPAREL LLC     -762131
ALPHA OPTICAL LLC-J3 M DUBAI         AE,ALPHA OPTICAL LLC-J3 MALL
AMEX MIDDLE EAST E C,
AL MUHAISNAH POLYCLINI DUBAI         AE,AL MUHAISNAH POLYCLN.
HEMAYA SECURITY SERVICES,
MADI INTERNATIONAL CO  DUBAI         AE,MADI INTERNATION-824001
ETISALAT-DXB-MIRDIF    DUBAI         AE,ETISALAT-DXB-MIRDIF
FARAIDOONI TRADING CEN ABU DHABI     AE,FARAIDOONI TRADING
YAH SATELLITE COMMUNICATIONS,
GATEWAY HOTEL          DUBAI         AE,GATEWAY HOTEL
HIFX MAXIS,
S.R.R BUILDING MAT. TR DUBAI         AE,S.R.R BUILDING MAT. TRDG
ELECTRO MECHANICAL COMPANY LLC,
PJSC ALROSA,
MILLENNIUM RENT A CAR  DUBAI         AE,MILLENNIUM RENT A CAR LLC
JAWHARA JEWELLERY LLC  DUBAI         AE,JAWHARA JEWELLER-049112
LE MERIDIEN DUBAI      DUBAI         AE,LE MERIDIEN DUBAI HTL
AL KHAYYAT INVESTMENTS DUBAI         AE,AL KHAYYAT INVES-710532
MCDONALDS-AL MOOSA     DUBAI         AE,MCDONALDS-AL MOOSA
LOCK STOCK AND BARREL  DUBAI         AE,LOCK STOCK AND B-491105
PLAN B SOLUTIONS DMCC  DUBAI         AE,PLAN B SOLUTIONS DMCC
DR.MALLYA'S DENTAL CLI DUBAI         AE,DR.MALLYA'S DENTAL
CESARE PACIOTTI        DUBAI         AE,CESARE PACIOTTI -470519
FIVE HOTEL             DUBAI         AE,FIVE HOTEL
TEJARISOLUTION FZ LLC  DUBAI         AE,TEJARI SOLUTION FZ LLC
APPAREL AERO MOE       DUBAI         AE,APPAREL AERO MOE-713525
AL NASR LEISURELAND    DUBAI         AE,AL NASR LEISUREL-031080
ALLIED ENTERPRISES LLC DUBAI         AE,ALLIED ENTERPRIS-052043
BESIDE GENERAL TRADING DUBAI         AE,BESIDE GENERAL TRADING
BEEF KING RESTAURANT & DUBAI         AE,BEEF KING RESTAURANT & CA
CARREFOUR SILICON OASI DUBAI         AE,CARREFOUR SILICON OASI
CHILI'S - JBR          DUBAI         AE,CHILLIS-JBR
LA ROSA CAFE           DUBAI         AE,LA ROSA CAFE
WFO OTHER MISC PAYABLE,
INFORMA MIDDLE EAST LIMITED,
APRONS & HAMMERS MNGT  DUBAI         ARE,APRONS & HAMMERS MNGT
FUJAIRAH F O AND M COMPANY LIMITED,
CONTINENTAL TYRES      ABU DHABI     AE,CONTINENTAL TYRES-1
GOVT OF SHARJAH FINANCE DEPARTMENT,
FUTTAIM AUTO AND MACHINERY,
ELYSIUM GLOBAL DUBAI LIMITED,
AL RAS HOTEL           DUBAI         AE,AL RAS HOTEL
EVE FERTLITVE CENTER   SHARJAH       AE,EVE FERTLITVE CENTER
GRAND EXCELSIOR HOTEL  DUBAI         AE,DHOW PALACE HOTEL
FIND SALT LLC          DUBAI         AE,FIND SALT LLC
EMIRATES    1762152833 DUBAI         AE,EMIRATES
MARRIOTT HOTEL AL JADD DUBAI         AE,MARRIOTT LOBBY LOUNGE
CARLUCCIOS BR OF FOOD  DUBAI         AE,CARLUCCIOS BR OF-451101
HUAWEI TECH INVESTMENT COMPANY LIMITED,
APPLE CAFE N RESTAURAN DUBAI         AE,APPLE CAFE N RESTAURANT
FORTUNE PARK HOTEL LLC DUBAI         AE,FORTUNE PARK HOTEL LLC
MCDONALDS-ENOC GARDENS DUBAI         AE,MCDONALDS-ENOC GARDENS
T. CHOITHRAM & SONS    DUBAI         AE,T.CHOITHRAM & SONS 2
MCDONALDS-ENOC SPORTS  DUBAI         ARE,MCDONALDS-ENOC SPORTS
AL SAYER RETAIL ESTABL DUBAI         AE,AL SAYER RETAIL -078401
BRANDS FOR LESS LLC    DUBAI         AE,BRANDS FOR LESS -242114
HIGHER COLLEGES OF TECHNOLOGY,
FARHAT AL ASLI RESTAUR DUBAI         AE,FARHAT AL ASLI REST
AL AML PHARMACY        SHARJAH       AE,AL AML PHARMACY
PAUL CAFE              DUBAI         AE,PAUL CAFE-1
CRYO SAVE ARABIA FZ LL DUBAI         AE,CRYO SAVE ARABIA-473401
SPLASH LLC             DUBAI         AE,SPLASH LLC      -132059
RIVOLI PRESTIGE        DUBAI         AE,RIVOLI PRESTIGE
ASTER AL NAHDA MEDICAL DUBAI         AE,ASTER AL NAHDA MEDICAL
STARBUCKS CC 4073      DUBAI         AE,STARBUCKS CC 407-471059
BRANDFOLIO LLC         DUBAI         AE,BRANDFOLIO LLC  -710529
AKZO NOBEL UAE PAINTS LLC,
NTDE - HAAGEN DAZS     DUBAI         AE,NTDE - HAAGEN DA-821010
AL NASEEM PHARMACY     DUBAI         AE,AL NASEEM PHARMACY
BIRYANI POT RESTAURANT DUBAI         AE,BRIYANI POT RESTAURANT
HITECH OVERSEAS LIMITED,
EXCELERATE LNG DEVELOPMENT UAE LLC,
TATA PROJECTS LIMITED,
ASTER PHARMACY 1(BR OF DUBAI         AE,ASTER PHARMACY 1(BR OF
NATIONAL ELECTRONIC,
DAMPA SEAFOOD REST.    DUBAI         AE,DAMPA SEAFOOD REST.
SIXT RENT A CAR-GARGAS DUBAI         AE,SIXT RENT A CAR-GARGASH
SHELL EASTERN TRADING,
INPEX ABK LIMITED,
LABAMBA                DUBAI         AE,LABAMBA         -223599
JENAAN INVESTMENT COMPANY LLC,
COURTYARD BY MARRIOTT  DUBAI         AE,THE BAR-COURTYARD BY M
NAVITAS CONTINENTAL FZCO,
ABSOLUTE BARBEQUES     DUBAI         AE,ABSOLUTE BARBEQUES
OCCIDENTAL OIL ASIA PTE,
GIC PRIVATE LIMITED,
BOISSIERE FINANCE,
MAJAN TRAVELS          DUBAI         AE,MAJAN TRAVELS LLC
LILLYS LLC             DUBAI         AE,LILLYS LLC      -717047
OREGANO PRESTO         DUBAI         AE,OREGANO RESTAURANT 10
PATTERSON PUMP COMPANY,
GLANDER INTERNATIONAL BUNKERING DM C LIWA HEIG JUMEIRAH LAKETOWER,
CONSOLIDATED CONTRACTING,
AL RAFAH PHARMACY      DUBAI         AE,AL RAFAH PHARMACY
NATIONAL CABLES INDUSTRY,
SHUA ALMADINA SPMKT LL DUBAI         AE,SHUA ALMADINA SPMKT LLC
QOSMIO COMPUTERS (LLC) DUBAI         AE,QOSMIO COMPUTERS (LLC)
BP EXPLORATION OPERATING COMPANY LIMITED,
FOOD MARK LLC          DUBAI         AE,FOOD MARK LLC   -243026
DRESSER INTERNATIONAL INC,
ABU DHABI COMPUTER CENTRE,
MAIWAND GENERAL TRADIN DUBAI         AE,MAIWAND GENERAL TRADIN
CUMMINS POWER LLC,
"MOVENPICK HOTEL,BUR DU DUBAI         AE",MOVENPICK HOTEL
KUWAIT FOOD CO AMERICA DUBAI         AE,KUWAIT FOOD CO A-391917
THOMAS THOR ASSOCIATES BV,
JABER GROUP LLC,
PAUL CAFE-KAREEM TRADI DUBAI         AE,PAUL CAFE-KAREEM TRDG.
BECHTEL INTERNATIONAL INC,
KWALITY LIMITED,
NOKIA OYJ PL,
PANTRY CAFE            DUBAI         AE,PANTRY CAFE
TATA CONSULTANCY SERVICES LIMITED,
AFIA INTERNATIONAL COMPANY,
ECONOMAT DES ARMEES,
CARREFOUR MARKET TECOM DUBAI         AE,CARREFOUR MARKET TECOM
FLORA PARK HOTEL APART DUBAI         AE,FLORA PARK HOTEL APART
MH ALSHAYA COMPANY LLC,
TELFISA GLOBAL BV,
SALAMLEK CAFE LLC      DUBAI         AE,SALAMLEK CAFE LLC
THE BUTCHER SHOP & GRI DUBAI         AE,THE BUTCHER SHOP&GRIL
ENI SPA,
LALUZ RESTAURANT       DUBAI         AE,LALUZ RESTAURANT
NAPCO CONSUMER PRODUCTS COMPANY,
BEDOUINN'S BISTRO      DUBAI         AE,BEDOUINN'S BISTRO
MIRAQE GENERAL TRADING DUBAI         AE,MIRAQE GENERAL T-244110
ISMAIL MOHD ISMAIL(DEI DUBAI         AE,ISMAIL MOHD ISMAIL(DEIRA)
CLEVELAND CLINIC FOUNDATION,
AL MANA FASHION LLC-GO DUBAI         AE,AL MANA FASHION LLC-GO SP
ALCATEL LUCENT INTERNATIONA,
OKKU                   DUBAI         AE,OKKU
ADVANCED LAUNDRY LLC,
WINSON OIL TRADING PTE,
LASPINAS BUILDING MATE DUBAI         AE,LASPINAS BLDG MATERIAL
EMIRATES HOTEL         DUBAI         AE,EMIRATES HOTEL
RILAM PROMGMT LLC,
IBM MIDDLE EAST FZ LLC,
SPRET TRADING LLC      DUBAI         AE,MAGIFF-SPRET TRDG LLC
AIRPORT SERVICES CATERING,
WAITROSE - FINE FARE   DUBAI         AE,WAITROSE-FINE FARE
AL FUTTAIM MOTORS CO.4 DUBAI         ARE,AL FUTTAIM MOTORS CO.4
HARPUT RESTAURANT      DUBAI         AE,HARPUT RESTAURANT
SAROJA REST & CAFE     DUBAI         ARE,SAROJA REST & CAFE
ETISALAT-DXB-DEIRA CIT DUBAI         ARE,ETISALAT-DXB-DEIRA CIT
AL ARRAB RESTAURANT    DUBAI         AE,AL ARAB RESTAURANT 5
LS POWER FUND III FEEDER A LLP,
LINK WAY RENT A CAR LL DUBAI         AE,LINK WAY RENT A -141404
SPEED DEAL COMMERCIAL BROKER LLC,
OPERATION FALAFEL-LAST DUBAI         AE,OPERATION FALAFEL-LAST
TAMAS PROJECTS COMPANY LLC,
AMWAJ ROTANA HOTEL & R DUBAI         ARE,AMWAJ ROTANA HOTEL & R
T.CHOITHRAM AND SONS L DUBAI         AE,T. CHOITHRAM & SONS LL
REXAM LIMITED,
ALSTOM TRANSPORT SA,
FOCUS HOME FURNISH LLC DUBAI         AE,FOCUS HOME FURNI-711713
RED CRESCENT SOCIETY,
MEAT N FISH            DUBAI         AE,MEAT N FISH
ARKAN BUILDING,
CARILLION PLC,
ETISALAT-DXB-ARABIAN C DUBAI         AE,ETISALAT-DXB-ARABIAN CTR
INNOVATION OASIS GENER DUBAI         AE,INNOVATION OASIS GENER
IBIS AL BARSHA HOTEL   DUBAI         AE,IBIS HOTELS
KARAMA MEDICAL CENTRE  DUBAI         AE,KARAMA MEDICAL CENTRE
PARS IRANIAN REST.MOE  DUBAI         AE,PARS IRANIAN REST.MOE
EMIRATES    1762301246 DUBAI         AE,EMIRATES
CENTRAL MARKET PHARMAC DUBAI         AE,CENTRAL MARKET PHARMAC
EMIRATES INTEGRATED TELECOM COMPANY,
CHINA NATIONAL AERO TECHNOLOGY,
FAIRMONT HOTEL THE PAL DUBAI         AE,RESERVATION-FAIRMONT
MY SAFEER DEPARTMENT S DUBAI         AE,MY SAFEER DEPARTMENT S
LIPU LIGHTING TRDG FZC DUBAI         AE,LIPU LIGHTING TRDG FZCO
GULF INDIAN HIGH SCHOO DUBAI         AE,GULF INDIAN HIGH SCHOO
VAP HOSPITALITY LLC -  DUBAI         AE,VAP HOSPITALITY -761032
DANAHER MENA FZ LLC,
GRAND HYPER AL KHAIL M DUBAI         AE,GRAND HYPER-AL KHAIL M
WILLIS LIMITED,
INDIAN OIL CORPN LIMITED,
NEUVA RESTAURANT LLC   DUBAI         AE,NEUVA RESTAURANT-470130
TREASURY MASTER ACCOUNT,
GE ENGINE SERVICES LLC,
KOREA LINE CORPORATION,
SERCO AUSTRALIA PTY,
MIRZAM                 DUBAI         AE,MIRZAM
APPAREL NINE DM        DUBAI         AE,APPAREL NINE DM -470523
ALZMRDAH ALZERQAA GENERAL TRADING LLC,
SHARIKET KAHRABA HADJRET EN NOUSS,
BIKERS CAFE            DUBAI         AE,BIKERS CAFE
AL CANARY PHARMACY     SHARJAH       AE,AL CANARY PHARMACY
DIESEL                 DUBAI         AE,DIESEL
SUTHERLAND GLOBAL SERVICES DMCC,
WATCHES MARKET LLC     DUBAI         AE,WATCHES MARKET LLC
PTT PUBLIC COMPANY LIMITED,
AIP TRADING FZE,
GS CALTEX CORPORATION,
THALES SA,
PROFESSIONAL LEAGUE COMMITTEE,
NUTRITION CENTRE       DUBAI         AE,NUTRITION CENTRE
YELLOW CHILLI          DUBAI         AE,YELLOW CHILI
SSD INTERBRANCH,
EQUINIX MIDDLE EAST FZ LLC,
PROTECTION AUTHORITY CRITICAL IN FRASTRUCTURE COASTAL,
SPEC DIABETES TREAT RESEARCH CENTR E,
AL HAKAWATI CAFE       Dubai         AE,AL HAKAWATI CAFE
SUGAR DADDYS BAKERY 9  DUBAI         AE,SUGAR DADDYS BAKERY 9
JAM CONSOLIDATED INVESTMENT LLC,
ETISALAT LANKA PRIVATE LIMITED,
PADHIPA GARMENTS TR    DUBAI         AE,PADHIPA GARMENTS TR
LUCKY SUPERMARKET      DUBAI         AE,LUCKY SUPERMARKET
SURYA ENERGY FZE,
NASSIMA ROYAL HOTEL    DUBAI         ARE,NASSIMA ROYAL HOTEL
CARS                   DUBAI         AE,CARS            -023101
HI PHONE TELECOM       DUBAI         AE,HI PHONE TELECOM-3
CARREFOUR FESTIVAL CIT DUBAI         AE,CARREFOUR FESTIVAL CIT
AL ADIL TRADING LLC BR DUBAI         AE,AL ADIL TRADING -136301
AJMAL PERFUME CENTRE L DUBAI         AE,AJMAL PERFUME CE-044850
RED RUBY SALON         ABU DHABI     AE,RED RUBY SALON
DR BATRAS HOMEOPATHIC  DUBAI         AE,DR BATRAS HOMEOPATHIC
JOTUN UAE LIMITED,
BBL ASSET MANAGEMENT COMPANY LIMITED,
TTT MONEYCORP LIMITED,
AMMROC ADVANCED MILITARY,
BP INTERNATIONAL LIMITED,
ICE RINK               DUBAI         AE,ICE RINK
BP SINGAPORE PTE,
ZAHR EL LAYMOUN RESTAU DUBAI         AE,ZAHR EL LAYMOUN -224431
FAHIM GROU,
PANMEAS JEWELLERY LLC  SHARJAH       AE,PANMEAS JEWELLERY-13
SHARAF DG LLC          DUBAI         AE,SHARAF DG LLC   -131167
ITOCHU CORPORATION,
DUKES HOTEL            DUBAI         AE,DUKES HOTEL
ALLIED ENTERPRISES LLC DUBAI         AE,ALLIED ENTERPRIS-132165
ALFUTTAIM MOTORS COMPANY LLC,
WORLD TRADE CENTRE RES DUBAI         AE,WORLD TRADE CENTRE RES
PARTY ZONE-ARAB.RANCHE DUBAI         AE,PARTY ZONE-ARAB.RANCHES
BLOSSOM TREE JLT       DUBAI         AE,BLOSSOM TREE JLT
EMIRATES    1762309207 DUBAI         AE,EMIRATES
MOEVENPICK HOTELS      DUBAI         AE,MOVENPICK HOTEL APARTM
SHOE REPUBLIC TRDG     DUBAI         ARE,SHOE REPUBLIC TRDG
BUTCHA STEAKHOUSE AND  DUBAI         AE,BUTCHA STEAKHOUSE AND
ARABIAN TRAVEL AGENCY  DUBAI         AE,ARABIAN TRAVEL AGENCY
ENOC SITE 1079         DUBAI         AE,ENOC-SITE NO.1079
BATEEL CAFE & RESTAURA DUBAI         AE,BATEEL CAFE & RE-767015
FINE HYGIENIC PAPER FZE,
STARBUCKS - 4082       DUBAI         AE,STARBUCKS - 4082-121022
NILA RESTAURANT LLC    DUBAI         AE,NILA RESTAURANT -492502
LUNETTES               DUBAI         AE,LUNETTES
MCDONALDS-AL GHURAIR   DUBAI         AE,MCDONALDS-AL GHURAIR
VMWARE MIDDLE EAST FZ LLC,
FERROCADIA DMCC,
VICTORY RENT A CAR LLC DUBAI         AE,VICTORY RENT A CAR LLC
ETISALAT-DXB BR        DUBAI         AE,ETISALAT-DXB BR
MODERN BAKERY LLC,
LE MERIDIEN AL AQAH BE FUJAIRAH      AE,ROYAL CL-LE MERIDIEN
NAMMA INTL DIGITEC FZ  DUBAI         AE,NAMMA INTL DIGITEC FZ
IL BORRO TUSCAN BISTRO DUBAI         AE,IL BORRO TUSCAN BISTRO
MARRIOTT               DUBAI         AE,LA FARINE1-JW MARRIOTT
SAMUDRA ENERGY FZC,
AE90053AED1755600010002 RETAIL BANKING OPERATIONS ALHILAL BANK PB NO 63111 ABUDHA,
CAPITOL HOTEL          DUBAI         AE,CAPITOL HOTEL
VAN OORD GULF FZE,
RAPTOR COMPUTERS       DUBAI         AE,RAPTOR COMPUTERS
GRAND EXCELSIOR HOTEL  DUBAI         AE,GRAND EXCELSIOR HOTEL
HUBZERO                DUBAI         AE,HUBZERO
GLOBAL PRIME PARTNERS LIMITED,
SAIPEM SPA,
BAKER AND MORE PASTRIE DUBAI         AE,BAKER AND MORE PASTRIE
NATIONAL HEALTH INSURANCE C,
E CITY GENERAL TRADING DUBAI         AE,E CITY GENERAL T-136561
BOREALIS FINANCIAL SERVICES NV,
DUBAI WORLD TRADE CTR  DUBAI         AE,DUBAI SPORTS WORLD-DUB
KUWAIT AIRWAYS CORPORATION,
GULF FILM LLC          DUBAI         AE,GULF FILM LLC   -171123
OLEANDER FLOWERS-MARCA DUBAI         ARE,OLEANDER FLOWERS-MARCA
TRADING ENT-CJD-UMM RM DUBAI         ARE,TRADING ENT-CJD-UMM RM
FIRST CUP MASAYA REST  DUBAI         AE,FIRST CUP CAFE
ZAATAR W ZEIT          DUBAI         AE,ZATAR W ZEIT 11
DAEWOO E AND C DAEWOO ENC,
JBI PROPERTIES SERVICES,
HAIR CONCEPT LADIES SA DUBAI         AE,HAIR CONCEPT LADIES SA
SCB CENTRAL OPS,
FORTY EIGHTH INVESTMENT COMPANY LLC,
PAPERCHASE-DUBAI MALL  DUBAI         AE,PAPERCHASE-DUBAI-252034
AL TAYER MOTORS LLC    DUBAI         AE,AL TAYER MOTORS -478027
CHOICE TYRES LLC       DUBAI         AE,CHOICE TYRES LLC
BILFINGER SE,
FEDERAL ELECTRICITY AND WATER,
CABRITO MANDI & HANEET DUBAI         AE,CABRITO MANDI & HANEETH
DANIAL RESTAURANT      DUBAI         AE,DANIAL RESTAURANT
KOREA GS E AND P PTE,
REEL DUBAI MARINA MALL DUBAI         AE,REEL DUBAI MARINA MALL
SHERATON HOTELS        DUBAI         AE,FRONT OFFICE 2 SHERAT
CASAL LLC              DUBAI         AE,CASAL LLC
SAFRAN AIRCRAFT ENGINES,
OPTIMAL FITNESS        DUBAI         AE,OPTIMAL FITNESS -761406
MODERN PHARMACEUTICAL COMPANY,
PETROLIAM NASIONAL BERHAD,
FLOOKA                 DUBAI         AE,FLOOKA
TABLEZ RESTAURANT-DXB  DUBAI         ARE,TABLEZ RESTAURANT-DXB
THE BEVERAGE HOUSE LTD DUBAI         AE,THE BEVERAGE HOUSE LTD
SAUDI ARABIAN PARSONS LIMITED,
FONTERRA LIMITED,
H & M -CC3890          DUBAI         AE,H & M -CC3890   -252045
CERNER MIDDLE EAST LIMITED,
CUSTOMS DEPOSIT IMPREST ACCOUNT,
TAQADO RESTAURANTS     DUBAI         ARE,TAQADO RESTAURANTS
BEACH ROTANA HOTEL&TOW ABU DHABI     AE,THE CAFE-BEACH ROTANA
AON UK LIMITED,
CHINA HARBOUR ENGINEERING COMPANY LLC,
SUPER TRIM             DUBAI         AE,SUPER TRIM
BEAUTY PHARMACY        DUBAI         AE,BEAUTY PHARMACY
BAKER AND SPICE REST   DUBAI         AE,BAKER AND SPICE -821031
FIRST CHOICE HOLIDAYS FINANCE,
ENOC SITE 1001         DUBAI         AE,EMIRATES PETROLEUM PRO
CT PLC,
A J C TRADING FZC,
JABER BUILDING,
ADIDAS EMERGING MARKET DUBAI         AE,ADIDAS EMERGING -741402
ROYAL CATERING SERVICES LLC,
WASEL PROPERTIES LLC   DUBAI         AE,WASL PROPERTIES LLC
SANDOOQ AL WATAN,
DUBAI CONCORDE HOTEL   DUBAI         AE,EMIRATES CORCORDE HOTE
OPTIMUM MEDIA DIRECTION FZ LLC,
JULPHAR DRUG STORE,
DHAFRA FOOTBALL SPORTS CLUB COMPANY LLC,
MARSH SAS TOUR ARIANE LA DEFENSE,
FUME NEIGHBORHOOD REST DUBAI         AE,FUME NEIGHBORHOOD REST
CAPITOL HOTEL(RECEPTIO DUBAI         AE,CAPITOL HOTEL(RECEPTION)
MAF GREATER UNION LLC  DUBAI         AE,VOX CINEMAS 1
ARLA FOODS FINANCE,
NATIONAL BONDS CORP MAIN ACCOUNTN B,
AL KHALEEJ PALACE HOTE DUBAI         AE,AL KHALEEJ PALACE HOTEL
DER TOURISTIK FRANKFURT GMBH,
DASSAULT AVIATION,
JUMA AL MAJID ESTJUMA AL MAJID HEA D OFFICE SALAHAL DIN,
THE BOEING COMPANY,
FIRST FOOD SERVICES LL DUBAI         AE,FIRST FOOD SERVI-241176
KARAM BEIRUT LLC       DUBAI         AE,KARAM BEIRUT LLC
ABCOBHBM,
BALLOON ADVENTURES-DUB DUBAI         AE,BALLOON ADVENTURES
ETISALAT BILL PAYMENTS,
LONG SPRING FZE,
SLIM AND TRIM BODY FIT DUBAI         AE,SLIM AND TRIM BODY FIT
PEARL MEDICAL CLINIC   DUBAI         AE,PEARL MEDICAL CLINIC
EMIRATES NUCLEAR ENERGY,
GPS CHEMOIL LLC,
SUSHISHOP              DUBAI         AE,SUSHISHOP
MOHEBI MARTIN BROWER LOGISTICS LLC,
BIN HAFEEZ GENERAL CONTRACTING ESTABLISHMENT,
AL KHAYYAT INVESTMENTS DUBAI         AE,AL KHAYYAT INVES-742072
AL HAKAWATI CAFE LLC   DUBAI         AE,AL HAKAWATI CAFE-565302
ARABIA TAXI TRANSPORTATION LLC,
ADFDAEAA,
ALLIED ENTERPRISE-LACO DUBAI         AE,ALLIED ENTERPRIS-717005
CARRY HOME SUPERMARKET DUBAI         AE,CARRY HOME SUPERMARKET
TOTAL SA,
THE GENERAL AUTHORITY,
MAWAL HTLS & RESTAURAN DUBAI         AE,MAWAL RESTAURANT MANAG
KELVIN CATERING SERVICES EMIRATES LLC,
HUMAN RELATIONS INSTIT DUBAI         AE,HUMAN RELATIONS INS
BAKER AND SPICE BAKERY DUBAI         AE,BAKER AND SPICE -255304
GRAND ABSHAR RESTAURAN DUBAI         AE,GRAND ABSHAR RESTAURAN
HILTON DUBAI CREEK     DUBAI         AE,HILTON DUBAI CRE-220113
HARDEES RESTAURANT     DUBAI         AE,HARDEES RESTAURA-491912
PRICEWATERHOUSECOOPERS,
KOMATSU MIDDLE EAST FZE,
M ETISALAT EZEEPAY,
LULU HYPER MARKET      AJMAN         AE,LULU HYPERMARKET-9
IKEA SUPPLIES LY AG,
EMIRATES    1762199256 DUBAI         AE,EMIRATES
TONY ROMAS             DUBAI         AE,TONY ROMAS
CROWNE PLAZA HOTEL     DUBAI         AE,WAGAMAMA REST 4
ALEXION PHARMA MIDDLE EAST FZ LLC,
TOWERS ROTANA HOTEL    DUBAI         AE,F&B 3(TRH)
GALADARI ICE CREAM CO  DUBAI         AE,GALADARI ICE CRE-051087
DR ARAS DENTAL CLINIC  DUBAI         AE,DR ARAS DENTAL C-175009
REEL DUBAI MALL        DUBAI         AE,REEL DUBAI MALL
OTHER MISC VENDORS OTHERS OTHER MISC VENDORS OTHERS,
THE WESTIN HOTEL       DUBAI         AE,THE WESTIN DUBAI HOTEL
CESARE PACIOTTI (BRANC DUBAI         AE,CESARE PACIOTTI (BRANC
FUKA FZE,
EIA MASTER ACCOUNT,
WELCOME HOTEL APARTMEN DUBAI         AE,WELCOME HOTEL APARTMEN
C ADVANCED SOLUTIONS LLC,
FACE DESIGN MEDICAL CE DUBAI         AE,FACE DESIGN MEDICAL CE
STITCHES TLRNG & TEXT. DUBAI         ARE,STITCHES TLRNG & TEXT.
EMIRATES OF ABU,
AL GARHOOD PRIVATE HOS DUBAI         AE,AL GARHOOD PRIVATE HOSP.
ASTER FLOWER TRADING L DUBAI         AE,ASTER FLOWER TRADING LLC
E CORPORATION,
GOYAL BOOKS INTERNATIO SHARJAH       AE,GOYAL BOOKS INTERNATIO
APPAREL LLC            DUBAI         AE,APPAREL LLC     -220731
GS CALTEX SINGAPORE PTE,
MCDONALDS-AL BARSHA 1  DUBAI         AE,MCDONALDS-AL BARSHA 1
FITNESS UNLIMITED LLC  DUBAI         AE,FITNESS UNLIMITE-059701
TOSHIBA CORPORATION,
FOOD MARK LLC          DUBAI         AE,FOOD MARK LLC   -563003
LEILA RESTAURENT       DUBAI         AE,LEILA RESTAURENT
GLOBAL CURRENCY EXCHANGE NETWORK L ITHE OLD BARN RED HILL,
ATLAS AIR INC,
AWANI RESTAURANT BR OF DUBAI         AE,AWANI RESTAURANT (BR O
LE MERIDIEN JUMEIRA BE DUBAI         AE,CLUB RECEPTION-LRM
SPLASH LLC             DUBAI         AE,SPLASH LLC      -152216
ARABIA BUNKERING COMPANY LLC,
JODCO ONSHORE LIMITED,
KARCHER FZES KARCHER JEBEL AL I FREEZONESOUTH DUBAI,
EMRILL SERVICES LLC    DUBAI         ARE,EMRILL SERVICES LLC
MOMENT PERFUMES LLC    DUBAI         AE,MOMENT PERFUMES LLC
DAMAC HOTELS MANAGEMEN DUBAI         AE,DAMAC HOTELS MANAGEMEN
PAUL BAKERY & RESTAURA DUBAI         AE,PAUL BAKERY & RESTAURA
AL MAA COMPUTERS       DUBAI         AE,AL MAA COMPUTERS
MOL UAE LLC,
ZABEEL SARAY HOTEL     DUBAI         AE,VODABAR - 1
RED MANGO-DUBAI MALL   DUBAI         AE,RED MANGO-DUBAI MALL
DODSAL AND COMPANY,
AXIOM TELECOM LLC,
AL SAFEER RESTAURANT   DUBAI         AE,AL SAFEER RESTAURANT
COMPONENT AEROSPACE SINGAPORE PTE,
SPACEAGE ELECTRICAL SWITCHGEAR COMPANY WLL,
BMG INTERNATIONAL FZC,
IBM MIDDLE EAST AND AFRICA FZ LLC,
COLOR WORKS COMPUTERS  DUBAI         AE,COLOR WORKS COMPUTERS
DREAMLAND AQUA PARK    UMM AL QUWAIN AE,DREAMLAND AQUA PARK
DAMAS JEWELLERY LLC    DUBAI         AE,DAMAS JEWELLRY LLC
KENANA SUGAR COMPANY LIMITED,
EMIRATES SEA RESTAURAN DUBAI         AE,EMIRATES SEA RESTAURANT
EQUITY TRUST JERSEY LIMITED,
IBN SINA 47 PHARMACY B DUBAI         AE,IBN SINA 47 PHAR-245069
MBC FZ LLC,
DIWAN ALMUHANNA REST.  DUBAI         AE,DIWAN ALMUHANNA REST.
PASTAKANA RESTAURANT   DUBAI         AE,PASTAKANA RESTAURANT
EMIRATES    1762151889 DUBAI         AE,EMIRATES
NAKHEELDEVELOP PROJECTDISBURSEM EN NAKHEEL SALES CENTRE AL SUFO UH ST NXT TO PALM JUM EIRAH,
KHALID FARAJ SHIPPING,
AVIS RENT A CAR        DUBAI         AE,AVIS RENT A CAR
URBAN YOGA LLC         DUBAI         AE,URBAN YOGA LLC
UMI FUSION RESTAURANT( DUBAI         AE,UMI FUSION RESTAURANT
ALLIED ENTERPRISES LLC DUBAI         AE,ALLIED ENTERPRIS-761911
MCDONALDS-MIRDIF 2     DUBAI         AE,MCDONALDS-MIRDIF 2
GATE BETTER LIFE PHARM DUBAI         AE,GATE BETTER LIFE PHARMACY
EUTGB2L DEUTSCHE BANK AG LONDON EC2P 2AT UNITED KINGDO,
PRIDE OF KASHMIR       DUBAI         AE,PRIDE OF KASHMIR-1
INNLAY ASIA RESTAURANT DUBAI         AE,INNLAY ASIA RESTAURANT
BARRACUDA REST.        DUBAI         ARE,BARRACUDA REST.
WELSPUN TRADINGS LIMITED,
DELUXE ARABIAN GENTS T ABU DHABI     AE,DELUXE ARABIAN GENTS-2
TOPBONUS LIMITED,
MITSUI AND COMPANY LIMITED,
KIZA RESTAURANT LLC    DUBAI         AE,KIZA RESTAURANT LLC
ROBERTOS CLUB LLC      DUBAI         AE,ROBERTOS CLUB LLC
MCDONALDS-ENOC 6001 AL DUBAI         ARE,MCDONALDS-ENOC 6001 AL
BLU INTELLIGENT SOLUTI DUBAI         AE,BLU INTELLIGENT SOLUTI
BROAD WAY HOTEL        DUBAI         AE,BROAD WAY HOTEL
BAB AL SHAMS DESERT RE DUBAI         AE,BAB AL SHAMS DESERT
MARNIX EUROPE LIMITED,
SEGA REPUBLIC          DUBAI         AE,SEGA REPUBLIC
CONSULATE GENERAL OF P DUBAI         AE,CONSULATE GEN OF PEOPL
J MART SUPERMARKET-AL  DUBAI         AE,J MART SUPERMARKET-AL MUT
DUSIT THANI DUBAI      DUBAI         AE,DUSIT THANI DUBAI
ALFARDAN AUTOMOBILES COMPANY LLC,
GREEN STONE A,
GAZEBO RESTAURANT LLC  DUBAI         AE,GAZEBO RESTAURAN-461044
IBN HAMIDO RESTAURANT  DUBAI         AE,IBN HAMIDO RESTAURANT
FIRAS AL DIYAFA SWEETS DUBAI         AE,FIRAS AL DIYAFA -035055
MADINAT JUMEIRAH - MJ  DUBAI         AE,MADINAT JUMEIRHA 2
ST REGIS HOTEL DUBAI L DUBAI         AE,ST REGIS HOTEL D-470133
AMEC FOSTER WHEELER PLC,
ASTER PHARMACY 6(BR OF DUBAI         AE,ASTER PHARMACY 6(BR OF
HOMES R US             DUBAI         AE,HOMES R US      -150783
EMBASSY OF UNITED ARAB EMIRATES,
AL QAMZI TRADING       DUBAI         AE,AL QAMZI TRADING
NOBLE RESOURCES INTERNATIONAL PTE,
BABY SHOP LLC          DUBAI         AE,BABY SHOP LLC   -487007
MAX ELECTRONICS LLC    DUBAI         AE,MAX ELECTRONICS -033669
CARTEL BOUTIQUE FASHIO DUBAI         ARE,CARTEL BOUTIQUE FASHIO
NEW NAJLA TRADING LLC  DUBAI         AE,NEW NAJLA TRADING LLC
TEMASEK LLC-DOME CAFE  DUBAI         AE,TEMASEK LLC-DOME-031060
PAUL CAFE              DUBAI         AE,PAUL CAFE-KAREEM TRDG-
EMIRATES    1762152283 DUBAI         AE,EMIRATES
MARRIOTT               DUBAI         AE,ROOM SERV-JW MARRIOTT
CARS RENT A CAR        DUBAI         AE,CARS RENT A CAR -093001
HASSANI TRADING,
NAR CAFE               DUBAI         AE,NAR CAFE        -151121
BRITISH PETROLEUM COMPANY PTE,
SKIN JAM               DUBAI         AE,SKIN JAM
FARA A GENER CONTRACTING COMPANY LLC,
OMAN INSURANCE COOPERATING USD AC,
MARKETTE REST (CRAVING DUBAI         ARE,MARKETTE REST (CRAVING
HOUR CHOICE            DUBAI         AE,HOUR CHOICE
INGIE ETOILE READYMADE DUBAI         AE,INGIE ETOILE REA-132170
CENTRO BARSHA HOTEL-3C DUBAI         AE,CENTRO BARSHA 3C F/O
VERIZON FINANCIAL SERVICES LLC,
DHAFRA IRRIGATION SYSTEMS LLC,
TURKISH VILLAGE RESTAU DUBAI         AE,TURKISH VILLAGE RESTAU
FARIS EQUIPMENT RENTALS LLC,
THE WINCHESTER SCHOOL  DUBAI         AE,THE WINCHESTER SCHOOL
REAL 10 PHARMACY       DUBAI         AE,REAL 10 PHARMACY
MY DENTAL CLINIC LLC   DUBAI         AE,MY DENTAL CLINIC LLC
WURTH FINANCE INTERNATIONAL BV,
SHLLGB,
NANDOS UAE LLC         DUBAI         AE,NANDOS UAE LLC 7
SPINNEYS-JUMEIRAH VILL DUBAI         AE,SPINNEYS
EMIRATES    7623021336 DUBAI         AE,EMIRATES
CRAVIA INC LLC         DUBAI         AE,CRAVIA INC LLC  -717203
HYATT HOTELS-HYATT REG DUBAI         AE,HYATT HOTELS-HYATT REG
THE ITALIAN RESTAURANT DUBAI         AE,THE ITALIAN RESTAURANT
MEDIA ONE HOTEL        DUBAI         AE,MEDIA ONE HOTEL
HYATT HOTELS-HYATT REG DUBAI         AE,THE KITCHEN 2
APSARA SUPERMARKET LLC DUBAI         AE,APSARA SUPERMARK-032627
PAPA JOHNS             DUBAI         AE,PAPA JOHNS-6
COMPUTER DIRECT ACCESS LLC,
BALSAM DRUG AND MEDICA DUBAI         AE,BALSAM DRUG AND MEDICA
MONSOON                DUBAI         AE,MONSOON
STELIA AEROSPACE,
ALCHEMY GLOBAL TRADING LLC,
SKAIZAYA REALESTATE DEVELOPMENT LLC,
ZOOM MARKET 6578       DUBAI         AE,ZOOM MARKET 6578
UTH GENERAL TRADING LL DUBAI         AE,UTH GENERAL TRADING LL
JOMAIH AUTOMATIVE,
HIGHER CORP F S E ZONESZONESCORP,
NEURO SPINAL HOSPITAL,
NESPRESSO-MIRDIF CITY  DUBAI         AE,NESPRESSO-MIRDIF CITY
DFC ASSET SALES PROCCEDS ACCOUNT,
GULF PETROL SUPPLIES LIES LLC,
N,
AECOM MIDDLE EAST LIMITED,
AL SAYER-CARIBOU COFFE DUBAI         AE,AL SAYER-CARIBOU-821030
ONE DOT TO MEDIA COMPANY,
FIRAS SWEETS BR        DUBAI         AE,FIRAS SWEETS BR -497009
UNITED FURNITURE CO LL DUBAI         AE,UNITED FURNITURE-724901
OCEAN ENERGY LIMITED,
IBIS STYLE HOTEL JUMEI DUBAI         AE,IBIS STYLE HOTEL JUMEI
PORTMAN LIMITED,
COMBINED GROUP CONTRACTING,
AMITY HEALTH LLC,
ALLIED ENTERPRISES LLC DUBAI         AE,ALLIED ENTERPRIS-421026
ROOTS HOSPITALITY LLC  DUBAI         AE,ROOTS HOSPITALITY LLC
PRET A MANGER          DUBAI         AE,EMIRATES LEISURE RETAI
FONE PLUS LIMITED,
SHOE CITI (L.L.C.) BR  DUBAI         AE,SHOE CITI (L.L.C) BR
CRAVIA INC LLC         DUBAI         AE,CRAVIA INC LLC  -768901
CIENA COMMUNICATIONS INC,
AMERICAN HOSPITAL,
DUBAI MUNICIPALITY     DUBAI         AE,DUBAI MUNICIPALITY-3
ENGINEERING MAINTENANCE COMPANY,
AL YEMEN MANDI REST    DUBAI         AE,AL YEMEN MANDI REST
UNION COOPERATIVE SOCIETY,
THALES SYSTEMES AEROPORTES SAS,
HOMES R US TRADING LLC DUBAI         AE,HOMES R US TRADI-760703
SKY BLUE TRADING LLC   DUBAI         AE,SKY BLUE TRADING LLC
PARKERS RESTAURANT LLC DUBAI         AE,PARKERS RESTAURANT LLC
TALAL SUPERMARKET      DUBAI         AE,TALAL SUPER MARKET
RAPTOR COMPUTERS LLC   DUBAI         AE,RAPTOR COMPUTERS LLC
CARIBOU COFFEE         DUBAI         AE,CARIBOU COFFEE  -141019
GRAMO ITALIAN RESTAURA DUBAI         AE,GRAMO ITALIAN RE-737006
THAI CHAI              DUBAI         AE,THAI CHAI
KCH HEALTHCARE LLC,
SPLASH LLC             DUBAI         AE,SPLASH LLC      -102002
METRON ENERGY APPLICATIONS SA,
RASHID PHARMACY LLC    DUBAI         AE,RASHID PHARMACY LLC
STAR SERVICES,
DEPT OF THE PRESIDENTS AFFAIRS,
EMIRATES    KN6/24JAN2 DUBAI         AE,EMIRATES
POWER ELECTRONICS LLC  DUBAI         AE,POWER ELECTRONICS LLC
VEBES O AND M COMPANY,
RIMAL SALOON (BR)      DUBAI         AE,RIMAL SALOON (BR)
CAFE LAMBRETTA LLC     DUBAI         AE,CAFE LAMBRETTA LLC
SEA MAGIC RECREATIONAL DUBAI         AE,SEA MAGIC RECREATIONAL
DXB SPARE PARTS & SERV DUBAI         AE,DXB SPARE PARTS AND SE
DREAM PHARMACY         DUBAI         AE,DREAM PHARMACY
ELEMENTS CAFE          DUBAI         AE,ELEMENTS CAFE   -031089
VILEBREQUIN            DUBAI         AE,VILEBREQUIN
SUMO SUSHI & BENTO     DUBAI         AE,SUMO SUSHI & BENTO
MIDDLE EAST ENERGY FZCO,
AMERICAN EXPRESS EUROPE LIMITED,
BARAKAH ONE COMPANY,
ADNOC DISTRIBUTION,
AD TOURISM CUL AUTHORITY TSA SUB A C,
RED SHINE TEXTILE TRAD DUBAI         AE,RED SHINE TEXTIL-141204
FUTTAIM WILLIS COMPANY LLC,
ABU DHABI PORTS,
HAMPTONS RESTAURANT AN DUBAI         AE,HAMPTONS RESTAURANT AN
QALA DAHABIYAH GENER TRADING LLC,
PRINT STATION DMCC     DUBAI         AE,PRINT STATION DMCC
KFC DELMA MALL         DUBAI         AE,KFC DELMA MALL  -055816
GREEN FOODS RESTAURANT DUBAI         AE,GREEN FOODS REST-887402
ROYAL GARDENS AGRICULTURAL CONTRACTING LLC,
TELEKOM MALAYSIA BERHAD,
NEW AL QUOZ PHARMACY   DUBAI         AE,NEW AL QUOZ PHARMACY
APRONS AND HAMMERS RES DUBAI         AE,APRONS & HAMMERS RESTA
EMARAT-UMM SUQUIEM(485 DUBAI         AE,EMARAT-UMM SUQUEIM
ENOC MARKETING LLC,
ENOC-SITE NO-1052      DUBAI         AE,ENOC SITE NO 1052
PROMATE LIFESTYLE TECH DUBAI         AE,PROMATE TECHNOLOGIES F
DONNER EXPRESS REST.   DUBAI         AE,DONNER EXPRESS REST.
AHMED SEDDIQI & SONS   DUBAI         AE,AHMED SEDDIQUI & SONS
PALO ALTO NETWORKS FZ LLC,
AURIS INN AL MUHANNA H DUBAI         ARE,AURIS INN AL MUHANNA H
MAGNOLIA RESTAURANTS M DUBAI         AE,CALIBURGER IN UMM SUQE
KYPRIS HEAVY EQUIPMENT PARTS TRADING LLC,
DAYLIGHT RESTAURANTS M DUBAI         AE,VII DUBAI
ABU MOHAMMED SMOKING A DUBAI         AE,ABU MOHAMMED SMOKING-1
TSA SUB ACC CULTURE PR HERITCOM M,
TEBODIN MIDDLE EAST LIMITED,
LOYLOGIC INC,
ROYAL PANOOR RESTAURAN DUBAI         AE,ROYAL PANOOR RESTAURAN
NATIONAL CORPORATION,
CARREFOUR MARKET MARIN DUBAI         AE,CARREFOUR MARKET MARIN
ANGELUS TRADING FZC,
GULF COAST TYRES-DEIRA DUBAI         ARE,GULF COAST TYRES-DEIRA
EMIRATES    1762153667 DUBAI         AE,EMIRATES
SHARAF DG LLC          DUBAI         AE,SHARAF DG LLC   -711033
PAPPAROTI              DUBAI         AE,PAPPAROTI
DIFC INVESTMENTS LLC,
RAJU OMLET RESTAURANT  DUBAI         AE,RAJU OMLET RESTA-724702
ALITALIA SOCIETA AEREA ITALIANA S PA VIA ALBERTO NASSETTI N SNC FIUMICINO,
SHERATON DUBAI CREEK H DUBAI         AE,FRONT OFFICE 1
THE LIME TREE CAFE LLC DUBAI         ARE,THE LIME TREE CAFE LLC
GATE BETTER LIFE PHARM DUBAI         ARE,GATE BETTER LIFE PHARM
JW MARRIOTT HOTELS & R DUBAI         AE,ACCOUNTS 2-JW MARRIOTT
MIRDIF PHARMACY LLC    DUBAI         AE,MIRDIF PHARMACY LLC
PUBLIC CAFE JLT        DUBAI         ARE,PUBLIC CAFE JLT
IMPERIAL SUITS HOTEL   DUBAI         AE,HANG OUT-IMPERIAL SUIT
HOME CENTRE GULF LLC   DUBAI         AE,HOME CENTRE GULF-090701
LE MERIDIEN JUMEIRA BE DUBAI         AE,MAYA 01
PHILIPS LIGHTING HOLDING BV,
AL JABER OPTICAL CENTR DUBAI         AE,AL JABER OPTICAL CTR
SHOE MART LLC          DUBAI         AE,SHOE MART LLC   -050502
ARMADA HOTEL JLT       DUBAI         AE,ARMADA HOTEL JLT
CRAVIA INC LLC         DUBAI         AE,CRAVIA INC LLC  -051968
URANUS TRAVEL & TOURS  DUBAI         AE,URANUS TRAVEL & TOURS
HAJI ALI JUICE CENTRE  DUBAI         AE,HAJI ALI JUICE CENTER
ANGELINA REST-CRAVINGS DUBAI         AE,ANGELINA REST-CRAVINGS BR
AL HAKAWATI CAFE       DUBAI         AE,AL HAKAWATI CAFE 1
NOVOTEL WORLD TRADE CN DUBAI         AE,NOVOTEL WORLD TRADE CE
AL KANZ JEWELLERY      DUBAI         AE,AL KANZ JEWELLERS LLC
AL SAYER RETAIL ESTABL DUBAI         AE,AL SAYER RETAIL -051129
SEDCO FOREX INTERNATIONAL INC,
PHOTO ONE CO LLC       DUBAI         AE,PHOTO ONE CO LLC-243804
BIELLA ITALIAN CAFE    DUBAI         AE,BIELLA CAFE
FUDDRUCKERS            DUBAI         AE,FUDDRUCKERS-AL GARHOUD
PETRO DIAMOND COMPANY LIMITED,
ZAROOB RESTAURANT AND  DUBAI         AE,ZAROOB RESTAURANT AND
ELSEVIER FINANCE SA,
METRO AG,
PARIS GALLERY          DUBAI         AE,PARIS GALLERY MCC
CAESARS REST-MANKHOOL  DUBAI         AE,CAESARS REST-MANKHOOL
PEARL RIVER DELTA TRADING HONG KONG LIMITED,
EMARAT-HASSA (4855)    DUBAI         AE,EMARAT-HASSA (4855)
CRITICAL INFRASTRUCTURE,
KERZNER INTERNATIONAL MANAGEMENT FZ LLC,
DNATA                  DUBAI         AE,DNATA MARHABA
JABER TRANSPORT GENER CONTRACTING LLC,
LAGAUFRETTE (LLC) B047 DUBAI         ARE,LAGAUFRETTE (LLC) B047
IBM INTERNATIONAL TREASURY SERVIC ES UN LIMITED,
NAILICIOUS CLUB        DUBAI         AE,NAILICIOUS CLUB
QUICKPAY DUMMY CENTRAL INWARDS U NITED ARAB EMIRATE,
FLYING COLOURS COPY SE DUBAI         AE,FLYING COLOURS COPY SE
MIELE APPLIANCES AG,
LULU HYPERMARKET-BARSH DUBAI         AE,LULU HYPERMARKET-4
CENTER LI PHYSIOTHERAP DUBAI         AE,CENTER LI PHYSIO-220519
AIRCOM MEA FZ LLC,
AURIS PLAZA HOTEL-AL B DUBAI         AE,AURIS PLAZA HOTEL-AL BARS
ALETIHAD CREDIT BUREAU DUBAI         AE,ALETIHAD CREDIT BUREAU
NAMETESOURO NACIONAL DE ANGOLA ADRESSLARGO DA MUTAMBA SNR CITYLUANDA COUNTRYANGOLA,
NBAD AIRPORT TRANSFER  DUBAI         AE,NBAD AIRPORT TRANSFER
DUBAI HOSPITAL         DUBAI         AE,DUBAI HOSPITAL
QAZAQ AIR JSC,
GOLDMAN SACHS AND COMPANY,
SONIC TRAVEL ANDTOURS  DUBAI         AE,SONIC TRAVEL AND-084726
RRPF ENGINE LEASING LIMITED,
SEAFARER'S BAR & KITCH DUBAI         AE,SEAFARER'S BAR & KITCH
VEOLIA ENVIRONNEMENT,
EMAX                   DUBAI         AE,EMAX            -710912
BARAN RESTAURANT & CAF DUBAI         AE,BARAN RESTAURANT & CAFE
PEARLOIL SEBUKU LIMITED,
WADI AL ARAYESH RESTAU DUBAI         AE,WADI AL ARAYESH RESTAURAN
CAPITA PLC,
IDT GLOBAL LIMITED,
SAMSUNG ENGINEERING COMPANY SAMSUNG ENGINEERING GEC,
BURJ AL ARAB           DUBAI         AE,JUNSUI1- BAA
NOKIA CORPORATION,
AIN OILFIELD SERVICES COMPANY LLC,
AL SAYER RETAIL ESTABL DUBAI         AE,AL SAYER RETAIL -477024
DUBAI OPERA LLC        DUBAI         AE,DUBAI OPERA LLC
ALLIED ENT LLC-THE DEA DUBAI         AE,ALLIED ENT LLC-T-152140
PRYSMIAN TREASURY SRL,
EMBASSY OF THE UNITED ARAB,
HEALTH BAY POLYCLINIC- DUBAI         AE,HEALTH BAY POLYCLINIC-BR
CITY CORNER SUPERMARKE DUBAI         AE,CITY CORNER SUPERMARKET
PHOTO MAGIC INTL LLC   DUBAI         AE,PHOTO MAGIC INTL
AUTOMOTIVE MANA,
HI PHONE TELECOM       DUBAI         AE,HI PHONE TELECOM-12
ORIGINAL WINGS AND RIN DUBAI         AE,ORIGINAL WINGS AND RIN
SLIDER STATION         DUBAI         AE,SLIDER STATION
BLUE DENTAL CLINIC9753 DUBAI         ARE,BLUE DENTAL CLINIC9753
RMAL HOSPITALITY PSC   DUBAI         AE,RMAL HOSPITALITY PSC
GGI ENTERTAINMENT GEN  DUBAI         ARE,GGI ENTERTAINMENT GEN
AIRBUS OPERATIONS SAS,
SHARAF DG LLC          DUBAI         AE,SHARAF DG LLC   -050556
CARS TAXI SERVICES CO  DUBAI         AE,CARS TAXI
MEDICLINIC CITY HOSPIT DUBAI         AE,MEDICLINIC CITY -832902
AL LIALI JEWELLERY LLC DUBAI         AE,AL LIALI JEWELLERY LLC
TRINITY INFOTECH LL119 DUBAI         ARE,TRINITY INFOTECH LL119
ADYARD ABU DHABI LLC,
VODAFONE GMBH,
KHARAFI NATIONAL COMPANY LLC,
MISTER FRESH HYPERMARK DUBAI         AE,MISTER FRESH HYPERMARK
LIFE HEALTHCARE GROUP  DUBAI         AE,LIFE HEALTHCARE -821407
HAKKASAN HOLDINGS LLC,
DAMAS JEWELLERY LLC    DUBAI         AE,DAMAS JEWELLERY -138113
PCFCTRAKHEES,
ALPHA TOURS LLC,
GATEAUX LLC            DUBAI         AE,GATEAUX LLC
JLT SPECIALTY LIMITED,
AL RAYA  HOTEL APARTME DUBAI         AE,AL RAYA  HOTEL APARTMENT
MMI-LE CLOS CONCOURSE  DUBAI         AE,MMI-LE CLOS CONCOURSE
RILAM PROPERTY MANAGEMENT LLC,
THE TRUST COMPANY AUSTRALIA LIMITED,
NATURES LIFE PHARMACY  DUBAI         AE,NATURE'S LIFE PHARMACY
KEMPINSKI HOTEL        DUBAI         AE,KEMPINSKI HOTEL
ZOOM MARKET 6583-REGAL DUBAI         AE,ZOOM MARKET 6583-REGAL
MADINATALKAUSAR PHARMA DUBAI         AE,MADINATALKAUSAR -714402
SCHOLARSHIPS OFFICE,
KHALTAT PERFUMES       DUBAI         AE,KHALTAT PERFUMES
STARBUCKS -4235        DUBAI         AE,STARBUCKS -4235 -041010
VFS(GCC)LLC            DUBAI         AE,VFS (GCC)LLC
VIRAJ LUXURY CAR RENTA DUBAI         AE,VIRAJ LUXURY CAR RENTALS
GIORDANO FASHION       DUBAI         AE,GIORDANO FASHION-263590
GE ENERGY FZE,
THE PALACE DOWNTOWN DX DUBAI         ARE,THE PALACE DOWNTOWN DX
MERCK FINANCIAL,
BYBLOS HOTEL FZ-LLC    DUBAI         AE,BYBLOS HOTEL FZ-LLC
AXA INSURANCE          ABU DHABI     AE,AXA INSURANCE 3
US DISBURSING OFFICER SYMBOL WIRELESS ROAD,
DAISO(JAPAN)VALUE STOR DUBAI         AE,DAISO(JAPAN)VALU-170741
VFS GCC LLC            DUBAI         AE,VFS GCC LLC     -058210
YO SUSHI (BR OF GOURME DUBAI         AE,YO SUSHI (BR OF GOURME
HKT GLOBAL SINGAPORE PTE,
BURJ AL ARAB           DUBAI         AE,SCAPE POOL 3
ADNH COMPASS ME LLC,
COSTA COFFEE           DUBAI         AE,COSTA COFFEE 7
SEHA BE SKMC ACCOUNT,
EUROPCAR DUBAI         DUBAI         AE,DUBAI RENT A CAR 2
NATIONAL GENERAL INSUR DUBAI         AE,NATIONAL GENERAL INS
LEWA SHIP AUTO SPARE P DUBAI         AE,LEWA SHIP AUTO SPARE PART
MCFC LIMITED,
THE EMIRATES GENERAL TRANSPORT,
DEUTSCHE TELEKOM AG,
JBR SHAMS PHARMACY EST DUBAI         AE,JBR SHAMS PHARMACY EST
CRAVIA INC LLC         DUBAI         AE,CRAVIA INC LLC  -767401
BLOOM PROPERTIES LLC,
GHUBASH TRADING,
JW DXB MARQUIS         DUBAI         AE,PRIME 68 1-JW MARRIOTT
SAUDI GERMAN HOSPITAL( DUBAI         AE,SAUDI GERMAN HOSPITAL
PLATINUM CHOICE READYM DUBAI         AE,PLATINUM CHOICE READYMADE
NOON & KABAB REST      DUBAI         AE,NOON O KABAB 1
TDICSAADIYAT ISLAND WIDE POLICE S T,
IATABSP HINGE OVERDRAFT,
BBME AN TELEC MUNICATIONS COMPANY SAOG,
ALLIED ENTERPRISE-TANA DUBAI         AE,ALLIED ENTERPRIS-717004
LOOTAH PERFUMES &INCEN DUBAI         AE,LOOTAH PERFUMES &INCENSE
ADIDAS EMERGING MARKET DUBAI         AE,ADIDAS EMERGING -041415
LOUIS VUITTON MIDDLE EAST FZCO,
I STYLE COMPUTERS LLC  DUBAI         AE,I STYLE COMPUTERS 1
BOROUGE PTE,
MIDDLE EAST METALS FZCO,
PROCTER AND GAMBLE FINANCIAL,
THOMSUN TRADING EST    DUBAI         AE,THOMSUN TRADING EST
BAKER AND SPICE RESTAU DUBAI         AE,BAKER AND SPICE -241161
GALADARI ICE CREAM CO  DUBAI         AE,GALADARI ICE CRE-561009
CIRCLE K               DUBAI         AE,CIRCLE K INT'L 14
DUBAI GOLF LLC         DUBAI         AE,DUBAI GOLF LLC  -845201
CITY PHARMACY COMPANY,
ADMA OPCO,
DAY ONE TRADING LLC,
DAR SHARES AND BONDS,
RAMLA HYPER EXPRESS LL DUBAI         AE,RAMLA HYPERMARKET 1
AE950330000019040000114 CCAM PENDING APPROPRIATIONAED MASHREQ BANK HEAD OFFICE POBOX 1250 U,
NAEL GENERAL CONTRACTING ESTABLISHMENT,
NABOODAH CONTRACTING COMPANY LLC,
PARTY ZONE LLC         DUBAI         AE,PARTY ZONE LLC
HALCROW INTERNATIONAL PARTNERSHIP,
AL TAYER MOTORS LLC    DUBAI         AE,AL TAYER MOTORS -828010
UAE JIUJITSU FEDERATION,
DRAGONFLY BY TIM RAUE  DUBAI         AE,DRAGONFLY BY TIM RAUE
THE PROVEDORE CAFE AND DUBAI         AE,THE PROVEDORE CAFE AND
PARK N SHOP JLT        DUBAI         AE,PARK N SHOP JLT
EMIRATES    1762197709 DUBAI         AE,EMIRATES
B A M RESTAURANT LLC   DUBAI         AE,B A M RESTAURANT-474729
WEATHERFORD BIN HAMOODAH COMPANY LLC,
ALFUTTAIM TOYOTA19     DUBAI         ARE,ALFUTTAIM TOYOTA19
AL SHAMI RESTAURANT    DUBAI         AE,AL SHAMI RESTAURANT
QATAR INSURANCE CO     DUBAI         AE,QATAR INSURANCE CO.
REACH EMPLOYMENT SERVICES LLC,
GULF FILM LLC          DUBAI         AE,GULF FILM LLC   -791101
WILMAR TRADING PTE,
TRISTAR ENGINEERING AND,
COSI AL TAYER TRENDS L DUBAI         AE,COSI AL TAYER TR-761026
MAX ELECTRONICS LLC    DUBAI         AE,MAX ELECTRONICS -540901
EMIRATES FLIGHT CATERING COMPANY LLC,
OIL AND NATURALGAS CORPORATION LIMITED,
ANANTARA HOTEL PALM JU DUBAI         AE,SPA
MITSUI OSK LINES LIMITED,
MARRIOTT               DUBAI         AE,KITCHEN 6
RAMADA DEIRA HOTEL LLC DUBAI         ARE,RAMADA DEIRA HOTEL LLC
FIDA  GENERAL TRADING  DUBAI         AE,FIDA  GENERAL TR-224806
JUPITER ALQUSAIS POLY  DUBAI         AE,JUPITER ALQUSAIS POLY CLI
INTELTEC EMIRATES LLC,
WORLDS WINDOW IMPEX INDIA PRIVATE,
PREMIER INN HOTELS LLC ABU DHABI     AE,PREMIER INN HOTELS 3
EM SHERIF RESTAURANT L DUBAI         AE,EM SHERIF RESTAURANT L
BB UDI TELECOMMUNICATION COMPANY,
MAX ELECTRONICS LLC    DUBAI         AE,MAX ELECTRONICS -131929
TORO+KO                DUBAI         AE,TORO+KO
YIN YANG CONNECTION MA DUBAI         AE,YIN YANG CONNECTION
ABB AUTOMATION LLC,
EMIRATES    7621998123 DUBAI         AE,EMIRATES
FRENCH BAKERY LLC      DUBAI         AE,FRENCH BAKERY LLC
ALLONS-Y JLT           DXB           AE,ALLONS-Y JLT
SOUTH CUISINE RESTAURA DUBAI         AE,SOUTH CUISINE RE-245604
E D F MAN SUGAR LIMITED,
CARREFOUR CITY SPORT C DUBAI         AE,CARREFOUR CITY SPORT C
ALFARDAN EXCHANGE,
AL GHANDI AUTO         DUBAI         AE,AL GHANDI AUTO  -822311
NATXFRPPMAR,
ROYAL CONTINENTAL HOTE DUBAI         ARE,ROYAL CONTINENTAL HOTE
GLAXOSMITHKLINE FINANCE PLC,
RIXOS THE PALM HOTEL-R DUBAI         AE,RIXOS THE PALM HOTEL
SCHAEFFLER AG,
EMIRATES MOTOR,
ALLIED ENTERPRISES LLC DUBAI         AE,ALLIED ENTERPRIS-052052
DAREEN INTL LLC BR CC4 DUBAI         AE,DAREEN INTL LLC -254810
CHARLEY'S GRILLED SUBS DUBAI         AE,CHARLEY'S GRILLED SUBS
HOME CENTRE GULF LLC   DUBAI         AE,HOME CENTRE GULF-070712
HOTLINE MOBILE PHONE L DUBAI         AE,HOTLINE MOBILE PHONE LLC
ALBADIE TRAVEL AGENCY  ABU DHABI     AE,AL BADIE TRAVEL
APPAREL LLC            DUBAI         AE,APPAREL LLC     -200301
EMIRATES               ABU DHABI     AE,EMIRATES
FRESHFIELDS BRUCKHAUS DERINGER LLP,
LONDON INTERNATIONAL EXHIBITION CEN THE SECRETARYEXCEL LONDON E,
M S PARSONS INTERNATIONAL LIMITED,
EMIRATES    1762100203 DUBAI         AE,EMIRATES
ETISALAT DUBAI 2       DUBAI         AE,ETISALAT DUBAI 2
BEIRUT RESTAURANT & GR DUBAI         AE,BEIRUT RESTAURANT & GR
SHAKESPEARE & CO       DUBAI         AE,SHAKESPEARE & CO 12
LEGACY HOTEL APARTMENT DUBAI         AE,LEGACY HOTEL APARTMEN
DUBAI OPTICAL          DUBAI         AE,DUBAI OPTICALS
OILIBYA AVIATION FUELS SUPPLIES LY DMCC,
CONSORT BUNKERS PTE,
THE GEEK RESTURAUNT LL DUBAI         AE,THE GEEK RESTURAUNT LLC
REAL PILATES           DUBAI         AE,REAL PILATES
MBDA FRANCE,
HABTOOR MOTO,
PONNUSAMY RESTAURANT L DUBAI         AE,PONNUSAMY RESTAURANT LLC
CROWNE PLAZA HOTEL     DUBAI         AE,CROWNE PLAZA HOTEL
LIDO RESTAURANT & CAFE DUBAI         AE,LIDO RESTAURANT -061094
KOREA ELECTRIC POWER,
KACHINS TAILORS        DUBAI         AE,KACHINS TAILORS
CSEH INVESTMENT LLC,
PIDDS 3D LIVING FZ LLC DUBAI         AE,PIDDDS 3D LIVING FZ LL
BRANDS FOR LESS LLC BR DUBAI         AE,BRANDS FOR LESS -673502
LINKEDIN MIDDLE EAST FZ LLC,
AIR SEYCHELLES LIMITED,
EMIRATES OF ABU DHABI CROWN,
TECOM INVESTMENTS LLC,
BB UDI GRAINS AND FODDER HOLDING COMPANY,
I-FLY                  DUBAI         AE,I FLY
ELECTRICAL LIGHTING880 DUBAI         ARE,ELECTRICAL LIGHTING880
AL TAYER MOTORS LLC    DUBAI         AE,AL TAYER MOTORS -478028
MP MALAYSIA B LIMITED,
LEVIS 2                DUBAI         AE,LEVIS 2
UNITED NATIONS EAST ND,
TEMASEK LLC DOME CAFE  DUBAI         AE,TEMASEK LLC DOME-501007
ADCO ADCO DIRHAM ACCOUNT,
MUBADALA DEVELOPMENT,
CARREFOUR HO           DUBAI         AE,CARREFOUR HO
ROCHE FINANZ AG,
THE BODY SHOP (MOE)    DUBAI         AE,THE BODY SHOP (MOE)
DOLLAR RENT A CAR      DUBAI         AE,DOLLAR RENT A CAR
JUMEIRAH GOLF ESTATES  DUBAI         AE,PROSHOP
ALLIED ENTERPRISES LLC DUBAI         AE,ALLIED ENTERPRIS-054841
CARNIVAL BY TRESIND    DUBAI         AE,CARNIVAL BY TRESIND
FIRST FOOD SRVS LLC-BU DUBAI         AE,FIRST FOOD SRVS -761001
AL TAYER MOTORS LLC    DUBAI         AE,AL TAYER MOTORS -508003
REEM AL BAWADI REST(BR DUBAI         AE,REEM AL BAWADI REST(BR3)
CANADIAN SOLAR EMEA GMBH,
ETIHADAIR              ABU DHABI     AE,ETIHAD AIRWAYS
P AEROSPACE LIMITED,
AL JABER OPTICAL CENTR DUBAI         AE,AL JABER OPTICAL CENTR
RAJESH TRADING CO LLC  DUBAI         AE,RAJESH TRADING CO LLC
EMARAT-SAFA PARK (1605 DUBAI         AE,SAFA PARK - 1605
MCDONALDS-DXB AIRPORT  DUBAI         ARE,MCDONALDS-DXB AIRPORT
JOINT STOCK COMPANY,
AZHAR AL MADINA HYPER  DUBAI         AE,AZHAR AL MADINA -725202
SAFFRON FASHION        DUBAI         AE,SAFFRON FASHION
ATANA HOTEL FZ LLC     DUBAI         AE,ATANA HOTEL FZ LLC
SUCRES ET DENREES,
OCEANA BEACH CLUB      DUBAI         AE,OCEANA BEACH CLUB
E MOVERS LLC           DUBAI         AE,E-MOVERS LLC
T. CHOITHRAM & SONS    AJMAN         AE,T.CHOITHRAM & SONS 4
AL SAMADI REST.        DUBAI         ARE,AL SAMADI REST.
ATANA HOTEL FZ LLC     DUBAI         ARE,ATANA HOTEL FZ LLC
ROSALIAH PERFUMES      DUBAI         AE,ROSALIAH PERFUMES
MAX ELECTRONICS LLC    DUBAI         AE,MAX ELECTRONICS -171163
REVIVAL RESTAURANT LLC DUBAI         AE,REVIVAL RESTAURA-030167
DYNCORP INTERNATIONAL LLC,
THE ELS CLUB           DUBAI         AE,THE ELS CLUB
OCP SA,
UNION COOP             DUBAI         AE,UNION COOP      -155705
K LYNN LINGERIE        DUBAI         AE,K LYNN LINGERIE -762018
FIRST SELECT EMPLOYMENT SERVICES,
SANAD AERO SOLUTIONS GMBH,
VCARE PHARMACY LLC     DUBAI         AE,VCARE PHARMACY LLC
TURAB BHAI TRADING CO  DUBAI         AE,TURAB BHAI TRADI-726704
DUBAI MUNICIPALITY,
CONSULATE OF UKRAINE.D DUBAI         AE,CONSULATE OF UKRAINE.DXB
INNOVATION EMPLOYMENT SERVICES,
SHOE TREE LLC          DUBAI         AE,SHOE TREE LLC   -760547
JUMBO ELECTRONICS CO L DUBAI         AE,JUMBO ELECTRONIC-030961
SWARNA JEWELLERS LLC   DUBAI         AE,SWARNA JEWELLERS-481711
BUGIS INVESTMENTS MAURITIUS PTE,
PRAXAIR INTERNATIONAL FINANCE UNL IMITED COMPANY,
A TELEKOM AUSTRIA AG,
PETROCHINA INTERNATIONAL,
ABU DHABI SAILING YACHT CLUB,
SHARJAH CUSTOMS,
MOROUJ COMMODITIES FZC,
BAB AL SHAMS DESERT    DUBAI         AE,BAB AL SHAMS DESERT
PAUL BAKERY AND RESTUR DUBAI         AE,PAUL BAKERY & RESTAURA
CRUMBLE RESTAURANT & C DUBAI         AE,ROTI MUM CAFE
SAUDI GERMAN HOSPITAL( DUBAI         AE,BAIT AL BATTERJEE MEDI
DHABI RETIREMENT PENSIONS AND BENEFITS FUND,
YATEEM OPTICIAN - MOE  DUBAI         AE,YATEEM OPTICIAN - MOE
MONTREAL ALD DM        DUBAI         AE,MONTREAL ALD DM -250512
LA SERRE BOULANGERIE R DUBAI         AE,LA SERRE BOULANGERIE R
CIRCLE RESTAURANT      DUBAI         AE,CIRCLE RESTAURANT THE
IG LIMITED,
MCDONALDS-EMIRATES HIL DUBAI         ARE,MCDONALDS-EMIRATES HIL
CITY STAR HOTEL        DUBAI         AE,CITY STAR HOTEL
ABU DHABI COMMERCIAL PROPERTIES,
MUTAWA MARINE WORKS LLC,
MARSH MANAGEMENT SERVICES DUBAI LIMITED,
SUN AND SAND SPORTS LL ABU DHABI     AE,SUN AND SAND SPORTS LL
"ATLANTIS THE PALM,DUBA DUBAI         AE","ATLANTIS THE PALM,DUBA"
ASTER PHARMACY 5 (BR O DUBAI         AE,ASTER PHARMACY 5 (BR O
ABBCCHZ,
PATCHI LLC             DUBAI         AE,PATCHI LLC      -229003
TOKYO ELECTRIC POWER COMPANY,
WESTZONE FRESH SUPERMA DUBAI         AE,WESTZONE FRESH S-232618
PHARMATRADE LLC,
ABU DHAB,
KEMPINSKI HOTEL AJMAN  AJMAN         AE,KEMPENSKI HOTEL
GOVT OF DUBAI-LAND DEP DUBAI         AE,GOVT OF DUBAI-LAND DEP
METAMINDZ LEARNING CEN DUBAI         AE,METAMINDZ LEARNING CEN
FAST RENT A CAR-DXB AC DUBAI         ARE,FAST RENT A CAR-DXB AC
SPX MIDDLE EAST FZE,
MEDCARE MEDICAL CENTER DUBAI         AE,MEDCARE HOSPITAL LLC-3
CURRENCYFAIR LIMITED,
TASNIM CEMENT PRODUCTS LLC,
GUNAYDIN RESTAURANT LL DUBAI         AE,GUNAYDIN RESTAURANT LL
CARIBOU COFFEE         DUBAI         AE,CARIBOU COFFEE  -141007
EMIRATES    5IS/23FEB2 DUBAI         AE,EMIRATES
NANDOS UAE LLC         DUBAI         AE,NANDOS UAE LLC-DEIRA C
JOANNA GARMENT FZCO    DUBAI         AE,JOANNA GARMENT FZCO
DENEL VEHICLE SYSTEMS PTY,
SPICE TOURISM LLC      DUBAI         AE,SPICE TOURISM LLC
ORIENT INSURANCE PJSC  DUBAI         AE,ORIENT INSURANCE-760410
AL BOOM DIVING         DUBAI         AE,AL BOOM MARINE SERVICE
EMARAT-HASSA(4855) C/S DUBAI         AE,EMARAT-HASSA(4855)
VFS GCC LLC            DUBAI         AE,VFS GCC LLC
THE BAGEL BAR COFFEE-D DUBAI         AE,THE BAGEL BAR COFFEE-DFC
FACEBOOK FZ LLC,
EMIRATES    1762151180 DUBAI         AE,EMIRATES
RIMAL ROTANA SUITES    DUBAI         AE,RIMAL ROTANA
PAUL CAFE-KAREEM TRADI DUBAI         AE,PAUL CAFE-KAREEM TRDG
BAQER MOHEBI SUPERMARK DUBAI         AE,BAQER MOHEBI SUPERMARK
STARBUCKS - 4091       DUBAI         AE,STARBUCKS - 4091-221035
SPLASH GULF LLC        DUBAI         AE,SPLASH GULF LLC -123578
EMIRATES    1762307996 DUBAI         AE,EMIRATES
EMIRATES    MS6/08JUL2 DUBAI         AE,EMIRATES
EK /DNATA -            DUBAI         AE,EK/DNATA-AIRLINE CNTR-
AHMED SEDDIQI SONS LLC,
LA CASA DEL HABANO BR  DUBAI         AE,LA CASA DEL HABANO BR.
BBME AN CABLES INDUSTRY SAOG CORPORATE OFFICE,
AL MAJLIS DUBAI        DUBAI         AE,AL MAJLIS DUBAI
CRAVINGS WITH COUTURE  DUBAI         AE,CRAVINGS WITH COUTURE
SR TECHNICS SWITZERLAND AG,
YAMAL AL SHAM SWEETS   DUBAI         AE,YAMAL AL SHAM SWEETS
RODEO DRIVE            DUBAI         AE,RODEO DRIVE - GUCCI
AL JABER OPTICAL CENTR DUBAI         AE,AL JABER OPTICAL CTR L
HOMESMITHS             DUBAI         AE,HOMESMITHS      -437803
DIKSHA TRADING LLC     DUBAI         AE,DIKSHA TRADING LLC
GRAN CAFFE LONDRA LLC  DUBAI         AE,GRAN CAFFE LONDRA LLC
ARAMCO TRADING DHAHRAN PAYER SAUDI ARAMCO PRODUCTS TRADING T TOWER BUILDING DHAHRAN SA,
SANA CENTER            DUBAI         AE,SANA CENTER     -033595
ALISTITHMAR CAPITAL,
NAYOMI TRADING         DUBAI         AE,NAYOMI TRADING
HARMAN HOUSE LLC       DUBAI         AE,HARMAN HOUSE LLC-11
BOUTIQUE 1             DUBAI         AE,BOUTIQUE 1
TIKE                   DUBAI         AE,TIKE
CRAVIA INC LLC         DUBAI         AE,CRAVIA INC LLC  -227203
GE INDUSTRIAL HEDGING SERVICES,
HALLIBURTON WORLDWIDE LIMITED,
PAPA MURPHYS PIZZA RES DUBAI         AE,PAPA MURPHYS PIZ-461038
JC GENERAL SERVICES CVBA,
E CITY GENERAL TRADING DUBAI         AE,E CITY GENERAL TRADING
SAUDI TELECOM COMPANY,
NAAMA TEXTILES TRDG545 DUBAI         ARE,NAAMA TEXTILES TRDG545
SUN AND SAND SPORTS ST DUBAI         AE,SUN AND SAND SPORTS LL
TAQADO LIMITED         DUBAI         ARE,TAQADO LIMITED
WSP MIDDLE EAST LIMITED,
GIFT VILLAGE DISCOUNTS DUBAI         AE,GIFT VILLAGE DISCOUNTS
ROBERT BOSCH MIDDLE EAST FZE,
TT ENEOS GLOBE CORPORATION,
MEZZA LEBANEES KITCHEN DUBAI         AE,MEZZA LEBANESE KITCHEN
ICONIC INTERNATIONAL L DUBAI         AE,ICONIC INTERNATI-821912
YATEEM OPTICIAN (BR)   DUBAI         AE,YATEEM OPTICIAN (BR)
THE BEACH REEL CINEMA  DUBAI         AE,THE BEACH REEL CINEMA
RIO TINTO MARKETING PTE,
SIX CONSTRUCTION RUCT L,
IWATANI CORPORATION,
PREMIER COM LLC        DUBAI         AE,PREMIER COM LLC
SMART TECHNOLOGY SERVICES DWC LLC,
NAMASTE TRAVEL & TOURI DUBAI         AE,NAMASTE TRAVEL & TOURISM
MADAREK LLC            DUBAI         AE,MADAREK LLC     -241146
DDF - FINEST SURPRISES DUBAI         AE,DUBAI DUTY FREE
NATIXISNATIXIS CAPITAL,
MECHANICAL AND CIVIL ENGINEERING CONTRACTORS COMPANY LIMITED,
MONDIAL Q ZONE GENERAL DUBAI         AE,MONDIAL Q ZONE GEN.TRD
TWMA MIDDLE EAST LIMITED,
LOBO TAILORS           DUBAI         AE,LOBO TAILORS
APMOLLERMAERSK AS,
LONDON FISH & CHIPS (B DUBAI         AE,LONDON FISH & CHIPS (B
BP MIDDLE EAST,
ALYA PHARMACY          ABU DHABI     AE,ALYA PHARMACY
1847 EXE GROM FOR MAN. DUBAI         AE,1847 EXE GROM FOR MAN.4
MOHAMMED FARHAN TRADIN DUBAI         AE,MOHAMMED FARHAN -145238
SHOE TREE LLC          DUBAI         AE,SHOE TREE LLC   -130571
SOMEWHERE HOTEL FZ LLC DUBAI         AE,SOMEWHERE HOTEL -470138
AVIATION SERVICES MANAGEMENT FZE,
OSH KOSH B GOSH-MECHAN DUBAI         AE,OSH KOSH B GOSH-MECH
NEXTGEN CLEARING LIMITED,
DAMAC MAISON COUR JARD DUBAI         AE,DAMAC MAISON COUR JARD
MAQSED DEVELOPMENT COMPANY PJSC,
ALLIED ENT LLC LEVEL S DUBAI         AE,ALLIED ENT LLC L-222616
PATCHI LLC             DUBAI         AE,PATCHI LLC      -249004
UNITED NATIONS NEW YORK NEWYORKNY,
ALBATHAA BUILDING MATE DUBAI         AE,ALBATHAA BUILDIN-721602
LUZAN DENTAL CENTER    DUBAI         AE,LUZAN DENTAL CENTER
DEUTSCHE LUFTHANSA AG,
DAMAS JEWELLERY LLC    DUBAI         AE,DAMAS JEWELLERY LLC
EMIRATES COOP SOCIETY  DUBAI         AE,EMIRATES COOP SOCIETY
CRAVINGS SOCIAL        DUBAI         ARE,CRAVINGS SOCIAL
BASF SE CARLBOSCHSTRASSE,
HUMAIMA TRADING CO LLC DUBAI         AE,HUMAIMA TRADING CO LLC
GLENCORE SINGAPORE PTE,
SPLASH GULF LLC BR     DUBAI         AE,SPLASH GULF LLC -172025
SAI KRIPA GENTS TAILOR DUBAI         AE,SAI KRIPA GENTS TAILORING
KUWAIT FOOD COMPANY,
OUD WOOD               DUBAI         AE,OUD WOOD
AMERICAN ACADEMY COSM  DUBAI         AE,AMERICAN ACADEMY-485004
SAJ 2 GO RESTAURANT AN DUBAI         AE,SAJ 2 GO RESTAUR-535903
SHOWCSE ANTIQS.ART&FRA DUBAI         AE,SHOWCSE ANTIQS.ART&FRA
CVC CAPITAL PARTNERS VI A LLP,
VCARE POLYCLINIC LLC   DUBAI         AE,VCARE POLYCLINIC LLC
J S K FOODSTUFF TRADIN DUBAI         AE,J S K FOODSTUFF -729201
KALOTI JEWELLERY INTERNATIONAL DMC,
DARAJ AL YASMIN REST.C DUBAI         ARE,DARAJ AL YASMIN REST.C
HAIRDREAMS SALON LADIE DUBAI         AE,HAIRDREAMS SALON LADIE
FOODHALLS LLC          DUBAI         AE,FOODHALLS LLC
APPAREL LLC            DUBAI         AE,APPAREL LLC     -390302
THAMRAH JEWELLERS      DUBAI         AE,THAMRAH JEWELLER-121764
EMAAR DUBAI SOUTH DWC LLC,
HAINAN YISHENG PETROCHEMICAL COMPANY LIMITED,
CHEVRON USA INC,
OCEAN MARINE SERVICES,
P H DIAGNOSTICS LLC    DUBAI         AE,P H DIAGNOSTICS LLC
NOORA POLY CLINIC      DUBAI         AE,NOORA POLY CLINIC
DUBAI FINA,
HOME CENTRE GULF LLC   DUBAI         AE,HOME CENTRE GULF-040720
EVEREST METALS FZE,
AMERICAN CTR FOR PSYCH DUBAI         AE,AMERICAN CTR FOR PSYCH
JUDICIARY DEPARTMENT,
SOWAH SQUARE PROPERTIES LLC,
ABSHAR IRANIAN RESTAUR DUBAI         AE,ABSHAR IRANIAN REST.
SHOE TREE LLC-PABLOSKY DUBAI         AE,SHOE TREE LLC-PA-710519
AL NOON INTL. TRD.     DUBAI         ARE,AL NOON INTL. TRD.
BERKELEY HOLDINGS LUXEMBOURG SA,
INFLIGHT PRODUCTIONS FZ LLC,
BB ENERGY GULF DMCC,
THOMAS COOK GMBH,
KELLER GRUNDBAU GMBH,
GRAND CITY MALL        DUBAI         AE,GRAND CITY MALL
BEST FOOD COMPANY LLC,
OMNICOM FINANCE PLC,
JBS SA,
MAZAREE AL SHAM TRADIN DUBAI         AE,MAZAREE AL SHAM TDRG
AL HALLAB RESTAURANT & DUBAI         AE,AL HALLAB REST& SWEETS
SPEEDEX INTERNATIONAL  DUBAI         ARE,SPEEDEX INTERNATIONAL
VITAL SOLUTIONS PTE,
OAKS HOTELS AND RESORT DUBAI         AE,OAKS HOTELS AND -240201
SPRINGDALES SCHOOL LLC DUBAI         AE,SPRINGDALES SCHO-723602
AL SAEEDI AUTOMOTIVE T DUBAI         AE,AL SAEEDI AUTOMOTIVE
ADCP PROCASH PAYMENT,
ACCENTURE MIDDLE EAST BV,
SUBWAY                 DUBAI         AE,SUBWAY
TRADEMAX GENERAL TRADING COMPANY LLC,
OREGANO RESTAURANT     DUBAI         AE,OREGANO RESTAURANT
AL GHURAIR RAYHAN BY R DUBAI         AE,AL GHURAIR RAYHA-170250
CHINA MOBILE INTERNATIONAL LIMITED,
FAIRMONT HOTEL THE PAL DUBAI         AE,FAIRMONT HOTEL THE PAL
ALLIED ENTERPRISES LLC DUBAI         AE,ALLIED ENTERPRIS-052041
YELLOW CHILLI          DUBAI         AE,YELLOW CHILLI
DUBAI MULTI COMMODITIES CENTRE DMCC,
SHAHI MUGHAL RESTAURAN DUBAI         AE,SHAHI MUGHAL RESTAURANT
KHALEEJ SUGAR,
CHETAN JEWELLERS FZCO  DUBAI         AE,CHETAN JEWELLERS-088112
M I OVERSEAS LIMITED,
GALERIES LAFAYETTE     DUBAI         AE,GALERIES LAFAYETTE
EMIRATES INTERNATIONAL DUBAI         AE,EMIRATES INTERNATIONAL
ABU DHABI OILFIELD SERVICES ESTABLISHMENT,
5 DIAMONDS             DUBAI         ARE,5 DIAMONDS
EMIRATES    7621970818 DUBAI         AE,EMIRATES
PAAVOS PIZZA 6579      DUBAI         AE,PAAVO'S PIZZA 6579
BB ARABIAN SHIELD COOPERATIVE INSURANC,
BRAND FOLIO LLC        DUBAI         AE,BRAND FOLIO LLC -722005
TANDOORI JUNCTION REST DUBAI         AE,TANDOORI JUNCTIO-241158
HOLIDAY INN AL BARSHA  DUBAI         AE,HOLIDAY INN HTL
"PREMIER INN,DUBAI      DUBAI         AE",PREMIER INN HOTELS
MAMAS CATERING SERVICE DUBAI         AE,MAMAS CATERING SERVICE
SHARAF D G             DUBAI         AE,SHARAF D G      -781032
WURTH GULF FZE         DUBAI         AE,WURTH GULF FZE
LULU HYPERMARKET LLC   DUBAI         AE,LULU HYPERMARKET-23
PANORAMA HOTEL         DUBAI         AE,PANORAMA HOTEL
TAMWEELVIEW EUROPEAN HOLDINGS SA,
ALMARAI COMPANY,
SMART COMMERCE GENERAL TRADING FZE,
DUBAI OPTICAL          DUBAI         AE,DUBAI OPTICAL CO (LLC)
PFIZER GULF FZ LLC,
DR ABURAS DENTAL CENTE DUBAI         AE,DR ABURAS DENTAL-084903
TML THE MEDIA LOUNGE R DUBAI         AE,TML THE MEDIA LOUNGE
SECURITIES AND COMMODITIES,
PATCHI LLC             DUBAI         AE,PATCHI LLC      -139012
MEDIA ZONE AUTHORITY,
NEXT GENERATION TRAINI DUBAI         AE,NEXT GENERATION TRAINI
HILAL BIL BADI PARTNERS CONTNG COMPANY,
EMRILL SERVICES LLC    DUBAI         AE,EMRILL SERVICES LLC
SEHA BEWSTRN MEDICAL REG AC,
LA FORNERIA CAFE       SHARJAH       AE,LA FORNERIA CAFE
SAMBAEAD,
DAFUYING INTERNATIONAL TRADE LIMITED,
TOTAL MARKETING MIDDLE EAST FZE,
DUBAI PRIVATE,
COMFONE AG,
VODAFONE ROAMING SERVICES SARL,
EMIRATES    1762153939 DUBAI         AE,EMIRATES
ZAIN CAPITAL LLC,
PET VILLAGE PETS TRADI DUBAI         AE,PET VILLAGE PETS TRADI
BARAA REFINED OIL PRODUCTS,
ELECTROMONTAJ SA,
SUS PYROL REJCT FINACLE FORMAT FIL,
OMV REFINING AND MARKETING GMBH,
ROBOTIKA TRADING LLC   DUBAI         AE,ROBOTIKA TRADING LLC
SULTANS LOUNGE-5       DUBAI         AE,LALEZAR - 2
FOAH COMPANY,
INTERTEK FINANCE PLC,
NOOR CAPITAL,
JORDAN MOBILE TELEPHONE,
HAVANA CAFE            ABU DHABI     AE,HAVANA CAFE
BEACH ROTANA HOTEL & T ABU DHABI     AE,BEACH ROTANA HOTEL-F/O
APPAREL LLC            DUBAI         AE,APPAREL LLC     -392201
BHIMA JEWELLERS LLC    DUBAI         AE,BHIMA JEWELLERS -881112
OMV ABU DHABI OFFSHORE GMBH,
AE038070000000000000807 CENTRAL BANK TUNIS,
EMIRATES    1762197082 DUBAI         AE,EMIRATES
CITY PREMIERE HOTEL AP DUBAI         AE,CITY PREMEIRE HOTEL AP
CAR WORLD AUTOMOBIELS  DUBAI         AE,CAR WORLD AUTOMOBIELS
RADISSON ROYAL HOTEL   DUBAI         AE,RADISSON ROYAL HOTEL
GLORIA HOTEL FZ LLC-NO DUBAI         AE,GLORIA HOTELS 1
TAHANY TECHNICAL SUPPL DUBAI         AE,TAHANY TECHNICAL SUPPLIER
MICROSOFT GULF FZ LLC,
LAOLA RESTAURANT LLC   DUBAI         AE,LAOLA RESTAURANT LLC
LAND MARK PLAZA HOTEL  DUBAI         AE,LAND MARK PLAZA HOTEL
THE UNI OF MODERN SCIE DUBAI         AE,THE UNI OF MODERN SCIENCE
MCDONALDS-AL BARSHA 1  DUBAI         ARE,MCDONALDS-AL BARSHA 1
UNITED TECHNICAL SERVICES,
JUMA ALMAJID JOINT ACCOUNT,
MING BOWL RESTAURANT   DUBAI         AE,MING BOWL RESTAURANT
B A M RESTAURANT LLC   DUBAI         AE,B A M RESTAURANT-221045
LOCKTON INSURANCE BROKERS LLC,
MAZEN OPTICS LLC       DUBAI         ARE,MAZEN OPTICS LLC
ADIDAS EMERGING MARKET DUBAI         AE,ADIDAS EMERGING -171452
VAN SANDWICHES CO LLC  DUBAI         AE,VAN SANDWICHES CO LLC
IDLGB22 HSBC BANK PLC FORMERLY MIDLAND BANLONDON EC2P 2BX UNITED KINGDO,
ADCNAEADXXX,
MADAREK LLC            DUBAI         AE,MADAREK LLC     -761113
MADINAT JUMEIRAH - MJ  DUBAI         AE,PAI THAI 1
MCDONALDS-AL HASSA DXB DUBAI         AE,MCDONALDS-AL HASSA DXB
MALABAR GOLD LLC       DUBAI         AE,MALABAR GOLD LLC-885020
MAAZIM RESTAURANT AND  DUBAI         AE,MAAZIM RESTAURANT AND
KONINKLIJKE PHILIPS ELECTRONICS NV,
VCARE PHARMACY LLC     DUBAI         ARE,VCARE PHARMACY LLC
AL BOOM MARINE EVENTS  DUBAI         AE,AL BOOM MARINE
PAMP GOLD LLC,
PIZZA HUT BRANCH KUWAI DUBAI         AE,PIZZA HUT BRANCH-131987
MORE CAFE              DUBAI         AE,MORE CAFE
AMBER GALLERY LLC      DUBAI         AE,AMBER GALLERY LLC
M M A FIGHT SHOP       DUBAI         AE,M M A FIGHT SHOP
TRAFIGURA PTE,
ZAD ELECTRICAL FITTING CONTRACTING LLC,
ONE & ONLY ROYAL MIRAG DUBAI         AE,ONE & ONLY ROYAL MIRAG
CAKE WALK BAKERY LLC   DUBAI         AE,CAKE WALK BAKERY LLC
GEMS MODERN ACADEMY    DUBAI         AE,GEMS MODERN ACADEMY
TEMASEK LLC-DOME CAF   DUBAI         AE,TEMASEK LLC-DOME-821024
SEPHORA EMIRATES       DUBAI         AE,SEPHORA EMIRATES-767044
DUBAI SUPPLIES LY AUTHORITY,
EAT GREEK RESTAURANT L DUBAI         AE,EAT GREEK RESTAU-718138
DMK DEUTSCHES MILCHKONTOR GMBH,
GREEN HOUSE INTERNATIO DUBAI         AE,GREEN HOUSE INTL TRADI
ROYAL OMAN POLICE PROVISION,
NOODLE HOUSE-JET       DUBAI         AE,NOODLE HOUSE-JET
AL TAYER MOTORS LLC    DUBAI         AE,AL TAYER MOTORS -478026
HYATT HOTELS           DUBAI         AE,HYATT HOTELS-PARK HYAT
GYXIS CORPORATION,
MARUBENI PETROLEUM COMPANY LIMITED,
AL SAYER RETAIL ESTABL DUBAI         AE,AL SAYER RETAIL -059802
CHINA AVIATION OIL SINGAPORE,
SEARA INTERNATIONAL LIMITED,
AIN DISTRIBUTION COMPANY,
SUMO SUSHI & BENTO     DUBAI         AE,SUMO SUSHI & BENTO 1
SUSHI ART RESTAURANT A DUBAI         AE,SUSHI ART RESTAURANT A
CARLTON DOWNTOWN HOTEL DUBAI         AE,CARLTON DOWNTOWN-475419
WIPRO LIMITED,
HABSHAN TRADING COMPANY,
NSTYLE                 DUBAI         AE,NSTYLE
MONTREAL ALD MOE       DUBAI         AE,MONTREAL ALD MOE-710509
EXCELSIOR CREEK HOTEL  DUBAI         AE,HOLYDAY INN BUR DUBAI
PASCAL TEPPER          DUBAI         AE,PASCAL TEPPER CATERING
CESARE PACIOTTI        DUBAI         AE,CESARE PACIOTTI -260524
HERTZ R.A.C-DXB-ALFUTT DUBAI         ARE,HERTZ R.A.C-DXB-ALFUTT
ASTER PHARMACY 201(BR  DUBAI         AE,ASTER PHARMACY 201 (BR
SEHA BE,
ZAKUM DEVELOPMENT COMPANY,
BRF FOODS GMBH,
BLUE ATLAS ZA WILLOW HOUSE,
ABB TRANSMISSION AND DISTRIBUTION LIMITED,
FOUR SEASONS RESORT DU DUBAI         AE,SEAFU 1-FOUR SEASONS R
ABERCROMBIE & FITCH (B DUBAI         AE,ABERCROMEBIE & FITCH
SAROUJA RESTAURANT AND DUBAI         AE,SAROUJA RESTAURANT & C
MEHRAB OPTICALS        DUBAI         AE,MEHRAB OPTICALS -143309
D412-LE PAIN QUOTIDIEN DUBAI         ARE,D412-LE PAIN QUOTIDIEN
SIDRA RESTAURANT & CAF DUBAI         AE,SIDRA RESTAURANT & CAF
AREEJ                  DUBAI         AE,AREEJ           -764001
NEW AL NAHDA PHARMACY  DUBAI         AE,NEW AL NAHDA PHARMACY
ADX DIVIDENDS,
GROUP SECURICOR SECURITY SERVICES UAE LLC,
VISA INC,
TRINITY IT SUPPLIES JL DUBAI         AE,TRINITY IT SUPPLIES JLT
MADINAT JUM - F&B      DUBAI         AE,AL FAYROOZ-2
NANDOS UAE LLC         DUBAI         AE,NANDOS UAE LLC  -241217
EMDAD SERVICES LLC,
KEMPINKSLI HOTEL-PALM  DUBAI         AE,KEMPINSKI PALM JUM
AL BARAHA-PREVENTIVE   DUBAI         AE,AL BARAHA-PREVENTIVE
ALLIED ENTERPRISES     DUBAI         AE,ALLIED ENTERPRIS-461942
SUPER SPEED COMPUTERS  DUBAI         AE,SUPER SPEED COMP-235139
ALLIED ENTERPRISES     DUBAI         AE,ALLIED ENTERPRIS-138039
OSHKOSH BQOSH          DUBAI         AE,OSHKOSH BQOSH
THE ADDRESS DUBAI MARI DUBAI         ARE,THE ADDRESS DUBAI MARI
MILAS RESTAURANT       SHARJAH       AE,MILAS RESTAURANT
CHINAOIL SINGAPORE INT,
LUFTHANSA TECHNIK AG,
JAD,
THRIFTY CAR RENTAL     DUBAI         AE,THRIFTY CAR RENTALS
UOMO BOSS LLC BRANCH   DUBAI         AE,UOMO BOSS
AMADEUS IT GROUP SA,
AE03045AED1403800051058 BO UNION NATIONAL BANK PO BOX 38,
AL HARAMAIN PERFUMES L DUBAI         AE,AL HARAMAIN PERFUMES 1
RSH MIDDLE - QUICKSILV DUBAI         AE,RSH MIDDLE - QUICKSILVER
DRYDOCKS WORLD DUBAI,
SHOE TREE LLC          DUBAI         AE,SHOE TREE LLC   -558001
MEETING POINT TOURISM,
THE ECLIPSE HOTEL APAR ABU DHABI     AE,THE ECLIPSE  HOTEL
HTSACCNTS PYBLE DUB AED ACC,
FOOD MARK LLC          DUBAI         AE,FOOD MARK LLC   -051086
MIDLINE KIMIA GEN TRDG DUBAI         AE,MIDLINE KIMIA GEN TRDG
SCHLUMBERGER RESERVOIR PRODUCTS LIMITED,
AIRWAYS PJSC,
JAZZ LOUNGE SPA - BR   DUBAI         AE,JAZZ LOUNGE SPA - BR
MARSA AL SEEF LLC,
HABTOOR LEIGHTON LLC,
CF AND J AUTO SPARE PA DUBAI         AE,CF AND J AUTO SP-477211
BEIERSDORF MIDDLE EAST FZCO,
MENDOZA                DUBAI         AE,MENDOZA
APPAREL LLC            DUBAI         AE,APPAREL LLC     -263629
MOUNIA LLC GAP         DUBAI         AE,MOUNIA LLC GAP  -172028
VALENTINE MARITIME GULF LLC,
KFC KALBA              DUBAI         AE,KFC KALBA       -165801
APPLE ME FZCO,
FOOTBALL CENTER LLC    DUBAI         AE,FOOTBALL CENTER LLC
FARSI-JLT              DUBAI         AE,FARSI-JLT
GROVE SERVICES INC,
CONCENTRIX TECHNOLOGY FZ LLC,
THALES NEDERLAND BV,
MEH GCC FZCO,
MOTHERCARE - 3801      DUBAI         AE,MOTHERCARE - 380-063552
RTA - AL NAHDA         DUBAI         AE,RTA-TOM AL NAHDA
CONTACT CEN            DUBAI         AE,DNATA-CONTACT CENTER
RTA                    DUBAI         AE,ROAD&TRANSPORT AUTHOR4
ABERCROMBIE & FITCH (B DUBAI         AE,ABERCROMBIE & FITCH
NTDE-SMOKERS CENTER B1 DUBAI         AE,NTDE-SMOKERS CEN-424102
TACK & TRACK LLC       DUBAI         AE,TACK & TRACK LLC-785014
MOHAN AND SONS TRDG LL DUBAI         AE,MOHAN AND SONS TRDG LLC
MARIA BONITA TACO SHOP DUBAI         AE,MARIA BONITA TACO SHOP
BIG CHEFS RIVERLAND    DUBAI         AE,BIG CHEFS RIVERLAND
EMCREDIT LIMITED       DUBAI         AE,EMCREDIT LIMITED
HYDER CONSULTING ME LIMITED,
SI FASHION GALERIE L L DUBAI         AE,SI FASHION GALERIE L LC
FANTASY LAND GIFTS     DUBAI         AE,FANTASY LAND GIFTS
HOUSE OF CURRY RESTAUR DUBAI         AE,HOUSE OF CURRY RESTAUR
ALLIED ENTERPRISES LLC DUBAI         AE,ALLIED ENTERPRIS-052068
APPAREL R AND B MUSH M DUBAI         AE,APPAREL R AND B -397101
AYYAM EL EZZ RESTAURAN DUBAI         ARE,AYYAM EL EZZ RESTAURAN
SOGEFRPPHCM,
GULF GREETINGS GEN TR  DUBAI         AE,GULF GREETINGS G-710913
GEMS WELLINGTON INTL(G DUBAI         AE,GEMS WELLINGTON INTL(GT)
EA PARTNERS II BV,
SHAKESPEARE&CO.REST.&C DUBAI         AE,SHAKESPEARE & CO 2
AMERICAN HOSPITAL DUBA DUBAI         AE,AMERICAN HOSPITAL DUBA
ACCESORIZE             DUBAI         AE,ACCESORIZE
BIN HAM ELECTRO MECHANICAL ENTERPRISES COMPANY LLC,
SIEMENS AG,
DUBAI ELECTRICITY & WA DUBAI         AE,DEWA
MEDCARE HOSPITAL LLC   DUBAI         AE,MEDCARE HOSPITAL LLC
DESERT PALM LLC        DUBAI         AE,DESSERT PALM LLC
CUCINA MIA RESTAURANT  DUBAI         AE,CUCINA MIA RESTAURANT
AUTOMATIC RESTAURANT A DUBAI         AE,AUTOMATIC RESTAURANT A
SPEEDFIT VEHICLE PARTS DUBAI         AE,SPEEDFIT VEHICLE PARTS
EXCEED INFORMATION TECHNOLOGY,
ORACLE SYSTEMS LIMITED,
DON GIOVANNIS RESTAURA DUBAI         AE,DON GIOVANNIS RESTAURA
VIRTUAL HUMAN RESOURCES LIMITED,
STALLION BESPOKE TEXTI DUBAI         AE,STALLION BESPOKE-221303
JAMBA GENERAL TRADING  DUBAI         AE,JAMBA GENERAL TRADING
PULLMAN JUM LAKES TOWE DUBAI         ARE,PULLMAN JUM LAKES TOWE
AE830520000000208081010 NOOR BANK ESCROW DEPARTMENT NIB BRANCH DUBAI AEUNITED ARAB EMIRAT,
DEBENHAMS-4301         DUBAI         AE,DEBENHAMS-4301  -712025
SUN AND SANDS SPORT LL DUBAI         AE,SUN AND SAND SPORTS LL
FIVE GUYS (BR OF RISE. DUBAI         AE,FIVE GUYS (BR OF RISE.LLC
AL MANA FASHION-DXB MA DUBAI         AE,AL MANA FASHION-DXB MALL
GULF GREETINGS GENERAL DUBAI         AE,GULF GREETINGS G-831501
ADM INTERNATIONAL SARL,
LIFE PARA PHARMACY     DUBAI         AE,LIFE PARA PHARMACY-1
MOLDEN GENERAL TRADING DUBAI         AE,MOLDEN GENERAL TRADING
BURGER KING-GLOBAL VIL DUBAI         AE,BURGER KING-GLOBAL VIL
MARBAIYA RESTAURANT &  DUBAI         AE,MARBAIYA RESTAURANT &
MCDONALDS-AIRPORT TER. DUBAI         AE,MCDONALDS-AIRPORT TER.3
DELMA TEXTILES LLC     DUBAI         AE,DELMA TEXTILES LLC
AXIOM IBN BATTUTA      DUBAI         AE,AXIOM TELECOM IBN BATT
NATIONAL TAXI          DUBAI         AE,NATIONAL TAXI
ALLIED ENTERPRISES LLC DUBAI         AE,ALLIED ENTERPRIS-711913
APPLE DISTRIBUTION INTERNATIONAL,
QS CUISINE RESTAURANT  DUBAI         AE,QS CUISINE RESTAURANT
BE AEROSPACE INC,
THE FAIRMONT DUBAI     DUBAI         AE,BRIDGES 1(LOBBY)FAIRMO
BAB TUMA RESTAURANT AN DUBAI         AE,BAB TUMA RESTAURANT AN
T.CHOITRAM AND SONS LL DUBAI         AE,T.CHOITRAM AND SONS LL
COSMOPLAST INDUSTRIAL COMPANY LLC,
EMIRATES NATIONAL SCHOOL,
HARLEY DAVIDSON UAE    DUBAI         AE,HARLEY DAVIDSON OF UAE
JOY ALUKKAS LLC        DUBAI         AE,JOY ALUKKAS LLC -478114
ENOC SITE - 1027       DUBAI         AE,ENOC-SITE NO.1027
DESERT ROSE HOTEL APAR DUBAI         AE,DESERT ROSE HOTEL APTS
AXIOM TELECOM          DUBAI         AE,AXIOM TELECOM   -426505
ARMANI EXCHANGE        DUBAI         AE,ARMANI EXCHANGE -132040
EMIRATES    1762198281 DUBAI         AE,EMIRATES
PETROLEUM DEVELOPMENT,
CHILIS GARHOUD         DUBAI         AE,CHILIS GARHOUD
AVIS UAE RENT A CAR    DUBAI         AE,AVIS UAE RENT A CAR
THE ROYAL EMIRATES SPO DUBAI         AE,THE ROYAL EMIRATES SPO
SOCIETE AIR FRANCE RUE DE PARIS,
SALEM TRAVEL AGENCY    ABU DHABI     AE,SALEM TRAVEL AGENCY-3
TIM WE FZ LLC,
MCDONALDS-CENTRAL MALL DUBAI         ARE,MCDONALDS-CENTRAL MALL
COSTA COFFEE           DUBAI         AE,COSTA COFFEE 2
TRUSTED SOURCE GENERAL TRADING FZE,
TOT PUBLIC COMPANY LIMITED,
DENEL SOC LIMITED,
MS QATAR PETROLEUM TREASURY DEPARTMENT CR ROOM TH FLOOR ALSADD PLAZA PHONE,
CRAVINGS WITH COUTURE  DUBAI         ARE,CRAVINGS WITH COUTURE
RAINTREE ROLLA HOTEL L DUBAI         AE,RAINTREE ROLLA H-234606
EQUANT NETWORK SYSTEMS LIMITED,
ORION CONTRACTING COMPANY RAK LLC,
FIRST GULF BAN,
AL SAYER RETAIL ESTABL DUBAI         AE,AL SAYER RETAIL -131737
BRANDS FOR LESS LLC    DUBAI         AE,BRANDS FOR LESS -267026
TIME LEADER GENERAL TRADING LLC,
SYRIA TELL LLC         DUBAI         AE,SYRIA TELL LLC
FORTUNE PLAZA HOTEL LL DUBAI         AE,FORTUNE PLAZA HOTEL LL
ADNHC HEAD OFFICE,
MOHD AL QAMA CERAMIC T DUBAI         AE,MOHD AL QAMA CERAMICS
NEW HORIZON CAPITAL,
MYTHOS KOUZINZ & GRILL DUBAI         AE,MYTHOS KOUZINA & GRILL
WOLFIS BIKE SHOP       DUBAI         AE,WOLIFI'S BIKE SHOP
YOGA OM                DUBAI         AE,YOGA OM
TRAVELEX LIMITED,
AL SAYER RETAIL ESTABL DUBAI         AE,AL SAYER RETAIL -131948
MAMOSO FLOWER TRADING  DUBAI         AE,MAMOSO FLOWER TRADING
KYO CAFE               DUBAI         AE,KYO CAFE
VLCC INTERNATIONAL LLC DUBAI         AE,VLCC INTERNATION-131419
FAI RENTAJET AKTIENGESELLSCHAFT JLT BRANCH,
EMARAT-GARHOUD(1390)   DUBAI         AE,EMARAT-GARHOUD
EPAY DIGITAL MIDDLE EAST FZ LLC,
INJAZAT DATA SY,
TAALEEM PJSC           DUBAI         AE,TAALEEM PJSC
COPRI CONSTRUCTION RUCTION ENTERPRISES ESTABLISHMENT,
NEXGEN PHARMA FZ LLC,
E MARINE PJSC,
DUBAI SPORTS CITY LLC  DUBAI         AE,DSC-ACADEMY ADMINISTRA
EMIRATES    1762309373 DUBAI         AE,EMIRATES
MCDONALDS-DXB AIRPORT  DUBAI         AE,MCDONALDS-DXB AIRPORT
THYSSENKRUPP AG,
MELIA HOTEL            DUBAI         AE,MELIA HOTEL
AL ADIL TRADING CO W.L DUBAI         AE,AL ADIL TRADING -262631
TRAF SEC FINANCE,
SIKORSKY INTERNATIONAL PRODUCTS INC,
ALL DAY MARKET LLC     DUBAI         AE,ALL DAY MARKET LLC
LANDMARK RETAIL INVEST DUBAI         AE,LANDMARK RETAIL -471901
DEUTSCHE BAHN AKTIENGESELLSC HAFT,
HOME CENTRE GULF LLC   DUBAI         AE,HOME CENTRE GULF-880709
SCB RETAIL OPERATIONS ACCOUNT,
VISION ZONE OPTICS-BR  DUBAI         AE,VISION ZONE OPTICS-BR
ABU DHABI GENSERMUSANADAPJ S C,
MAASA SHIPS FUEL SUPPLIES LY LLC,
MEDICLINIC DUBAI MALL  DUBAI         AE,MEDICLINIC DUBAI MALL
MSSAUD BAHWAN AUTOMOTIVE LLC,
ACE-DFC-ALFUTTAIM      DUBAI         ARE,ACE-DFC-ALFUTTAIM
INTEL CORPORATION UK LIMITED,
DARWISH ENGINEERING EMIRATES LLC,
SABRE GLBL INC,
AIR INDIA CHARTERS LIMITED,
CANADIAN SPECIALIST HO DUBAI         AE,CANADIAN SPECIALIST HOS
PARZEL EXPRESS AND LOG DUBAI         AE,PARZEL EXPRESS AND LOG
BRANDS FOR LESS LLC    DUBAI         AE,BRANDS FOR LESS -568001
UNITED HYPERMARKET     DUBAI         AE,UNITED HYPERMARKET
MERCURIA ENERGY TRADSA GENEVE CHUBS,
ROAD & TRANSPORT AUTHO DUBAI         AE,DUBAI METRO-(EA) TOM 2
SCOOZI                 DUBAI         AE,SCOOZI
AL TAYER MOTORS LLC    DUBAI         AE,AL TAYER MOTORS -158306
KANSAI PAINT COMPANY LIMITED,
SHARAF D G             DUBAI         AE,SHARAF D G      -032641
COLLECTION ACCOUNT,
ADNOC,
SPINNEYS-THE VILLA     DUBAI         AE,SPINNEYS-VILLA
TAHA DENTAL & MEDICAL  ABU DHABI     AE,TAHA DENTAL & MEDICAL
MARGHERITA RESTAURANT  DUBAI         AE,MARGHERITA RESTA-471165
EMIRATES-FI            DUBAI         AE,EMIRATES-FIRST CLASS
ABU DHABI CRUDE OIL PIPELINE LLC,
EIT TELECOM DU         DUBAI         AE,EIT TELECOM DU  -136577
NIDERA BV,
EMIRATES MOTOR OWNED BY AL FAHIM,
TOTAL UAE LLC,
AT.MOSPHERE BURJ KHALI DUBAI         AE,AT.MOSPHERE BURJ KHALIFA
BCITITMM,
COSTA COFFEE           DUBAI         AE,COSTA COFFEE 3
PETRO PLUS GENERAL TRADING LLC,
STS-FIRST POINT SCHOOL DUBAI         AE,STS-FIRST POINT SCHOOL
ARCLIGHT LIMETREE AIV LLP,
M GULF LIMITED,
SPLASH GULF LLC        DUBAI         AE,SPLASH GULF LLC -152231
PALMSTRIP PHARMACY     DUBAI         AE,PALMSTRIP PHARMACY
GE AVIATION SSS AP CHECKS,
SCHINAC VERWALTAG WIEN,
RED BULL FZE,
ADNH PROCUREMENT AND RETAIL DEPARTMENT,
SINOCHEM SHIPPING SINGAPORE PTE,
ALFAHIM,
EMIRATES    1762310560 DUBAI         AE,EMIRATES
PASSION POINT GENERAL  DUBAI         AE,PASSION POINT GENERAL
AL HAWAI TYRE CO.      DUBAI         AE,AL HAWAI TYRE CO
TIPS & TOES BEAUTY & S DUBAI         AE,TIPS & TOES BEAUTY & SPA
GREENPOINT TECHNOLOGIES INC,
NTDE HAAGEN DAZS       DUBAI         AE,NTDE HAAGEN DAZS-761031
MBCBEBB THE SUMITOMO BANK LIMITED 1000 BRUSSELS BELGIU,
OMV AKTIENGESELLSCHAFT TRABRENNSTRASSE,
EMIRATES TRADING ESTAB DUBAI         AE,EMIRATES TRADING ESTAB
PAKISTAN TELECOMMUNICATION COMPANY LIMITED,
MADINAT JUMEIRAH - MJ  DUBAI         AE,ZHENG HE'S-1
GULF FILM LLC          DUBAI         AE,GULF FILM LLC   -565007
SCOPE CAYMAN LIMITED,
BERWIN LEIGHTON PAISNER LLP,
IKON PETROLEUM DMCC,
YATEEM OPTICIAN-DXB MA DUBAI         AE,YATEEM OPTICIAN-DXB MALL
CNPC INTERNATIONAL HONG KONG,
OOREDOO QSC MAIN BRANCH,
MANA SAEED ALOTAIBA,
BOUBOUFFE-LEBANESE BRA DUBAI         AE,BOUBOUFFE-LEBANESE BRA
SHOE TREE LLC          DUBAI         AE,SHOE TREE LLC   -170614
ERNST AND YOUNG,
DTS REFINING PTE,
WHITE DUBAI            DUBAI         AE,WHITE STAR FACILITIES
ZABEEL SARAY HOTEL     DUBAI         AE,ROOM RESERVATION
FOUNDATION PROPERTY,
GOOGLE IRELAND LIMITED,
FINE TOOLS TRADING LLC DUBAI         AE,FINE TOOLS TRADING LLC
N.G.I                  DUBAI         AE,N G I LIFE
MARRIOTT               DUBAI         AE,LA FARINE
HUAWEI INTERNATIONAL PTE,
MDC OIL AND GAS SK LIMITED,
SOFITEL THE PALM HOTEL DUBAI         ARE,SOFITEL THE PALM HOTEL
ADCPUTILITY PAYMENTS PAYABLES ATT NCLIENT OPERATIONS TH FLOOR H O HQS BUILDING,
DECATHLON-SPORTING TRE DUABI         AE,DECATHLON-SPORTING
LIFE OPTICS LLC (BRANC DUBAI         AE,LIFE OPTICS LLC (BRANC
NEW AL MADINA HYPERMAR DUBAI         AE,NEW AL MADINA HYPERMAR
GULF CONTRACTORS COMPANY LLC,
ENOC SITE 1062         DUBAI         AE,ENOC SITE 1062
ADMIRAL PLAZA HOTEL    DUBAI         AE,ADMIRAL PLAZA HOTEL
EMARAT-IBN BATTUTA(686 DUBAI         AE,EMARAT-IBN BATTUTA(686
MADINAT JUM - F&B      DUBAI         AE,MADINAT JUMEIRAH-F&B
WESTERN AUTO LLC,
WASL MARINE LLC,
ADGAS,
FCP TRADING FZE,
JANE NORMAN -DCC       DUBAI         AE,JANE NORMAN
AEP FEEDER FUND VI INC,
CENTRAL VET.RESEARCH L DUBAI         AE,CENTRAL VETERINARY RES
RTA - AL FAHIDI        DUBAI         AE,RTA-TOM AL FAHIDI
PEARL MARINA HOTEL APA DUBAI         AE,PEARL MARINA HOTEL APT
LEVIS                  DUBAI         AE,LEVIS
SULZER AG,
AL MANA FASHION LLC-BR DUBAI         AE,AL MANA FASHION LLC-BR
MOHAMED HAREB AL OTAIBA LLC,
MEAD OIL INTERNATIONAL FZE,
OCCIDENTAL AL HOSN LLC,
GULF FILM LLC          DUBAI         AE,GULF FILM LLC   -471105
BRANDS FOR LESS LLC    DUBAI         AE,BRANDS FOR LESS -052070
FACC OPERATIONS GMBH,
EMIRATES    1762152422 DUBAI         AE,EMIRATES
T. CHOITHRAM & SONS    DUBAI         AE,CHOITRAM GARHOUD
AL SAIF JEWELLERS LLC  DUBAI         AE,AL SAIF JEWELLERS LLC
BAALBAK CASTLE MEAT SH DUBAI         AE,BAALBAK CASTLE MEAT SH
CHOWKING ORIENT RESAUR DUBAI         AE,CHOWKING ORIENT -141013
